Number,Name,Species,Type 1,Type 2,Height,Weight,HP,Attack,Defense,Sp. Attack,Sp. Defense,Speed,Total
0001,Bulbasaur,Seed Pokémon,Grass,Poison,0.7 m (2′04″),6.9 kg (15.2 lbs),45,49,49,65,65,45,318
0002,Ivysaur,Seed Pokémon,Grass,Poison,1.0 m (3′03″),13.0 kg (28.7 lbs),60,62,63,80,80,60,405
0003,Venusaur,Seed Pokémon,Grass,Poison,2.0 m (6′07″),100.0 kg (220.5 lbs),80,82,83,100,100,80,525
0004,Charmander,Lizard Pokémon,Fire,Nor,0.6 m (2′00″),8.5 kg (18.7 lbs),39,52,43,60,50,65,309
0005,Charmeleon,Flame Pokémon,Fire,Nor,1.1 m (3′07″),19.0 kg (41.9 lbs),58,64,58,80,65,80,405
0006,Charizard,Flame Pokémon,Fire,Flying,1.7 m (5′07″),90.5 kg (199.5 lbs),78,84,78,109,85,100,534
0007,Squirtle,Tiny Turtle Pokémon,Water,Nor,0.5 m (1′08″),9.0 kg (19.8 lbs),44,48,65,50,64,43,314
0008,Wartortle,Turtle Pokémon,Water,Nor,1.0 m (3′03″),22.5 kg (49.6 lbs),59,63,80,65,80,58,405
0009,Blastoise,Shellfish Pokémon,Water,Nor,1.6 m (5′03″),85.5 kg (188.5 lbs),79,83,100,85,105,78,530
0010,Caterpie,Worm Pokémon,Bug,Nor,0.3 m (1′00″),2.9 kg (6.4 lbs),45,30,35,20,20,45,195
0011,Metapod,Cocoon Pokémon,Bug,Nor,0.7 m (2′04″),9.9 kg (21.8 lbs),50,20,55,25,25,30,205
0012,Butterfree,Butterfly Pokémon,Bug,Flying,1.1 m (3′07″),32.0 kg (70.5 lbs),60,45,50,90,80,70,395
0013,Weedle,Hairy Bug Pokémon,Bug,Poison,0.3 m (1′00″),3.2 kg (7.1 lbs),40,35,30,20,20,50,195
0014,Kakuna,Cocoon Pokémon,Bug,Poison,0.6 m (2′00″),10.0 kg (22.0 lbs),45,25,50,25,25,35,205
0015,Beedrill,Poison Bee Pokémon,Bug,Poison,1.0 m (3′03″),29.5 kg (65.0 lbs),65,90,40,45,80,75,395
0016,Pidgey,Tiny Bird Pokémon,Normal,Flying,0.3 m (1′00″),1.8 kg (4.0 lbs),40,45,40,35,35,56,251
0017,Pidgeotto,Bird Pokémon,Normal,Flying,1.1 m (3′07″),30.0 kg (66.1 lbs),63,60,55,50,50,71,349
0018,Pidgeot,Bird Pokémon,Normal,Flying,1.5 m (4′11″),39.5 kg (87.1 lbs),83,80,75,70,70,101,479
0019,Rattata,Mouse Pokémon,Normal,Nor,0.3 m (1′00″),3.5 kg (7.7 lbs),30,56,35,25,35,72,253
0020,Raticate,Mouse Pokémon,Normal,Nor,0.7 m (2′04″),18.5 kg (40.8 lbs),55,81,60,50,70,97,413
0021,Spearow,Tiny Bird Pokémon,Normal,Flying,0.3 m (1′00″),2.0 kg (4.4 lbs),40,60,30,31,31,70,262
0022,Fearow,Beak Pokémon,Normal,Flying,1.2 m (3′11″),38.0 kg (83.8 lbs),65,90,65,61,61,100,442
0023,Ekans,Snake Pokémon,Poison,Nor,2.0 m (6′07″),6.9 kg (15.2 lbs),35,60,44,40,54,55,288
0024,Arbok,Cobra Pokémon,Poison,Nor,3.5 m (11′06″),65.0 kg (143.3 lbs),60,95,69,65,79,80,448
0025,Pikachu,Mouse Pokémon,Electric,Nor,0.4 m (1′04″),6.0 kg (13.2 lbs),35,55,40,50,50,90,320
0026,Raichu,Mouse Pokémon,Electric,Nor,0.8 m (2′07″),30.0 kg (66.1 lbs),60,90,55,90,80,110,485
0027,Sandshrew,Mouse Pokémon,Ground,Nor,0.6 m (2′00″),12.0 kg (26.5 lbs),50,75,85,20,30,40,300
0028,Sandslash,Mouse Pokémon,Ground,Nor,1.0 m (3′03″),29.5 kg (65.0 lbs),75,100,110,45,55,65,450
0029,Nidoran♀ (female),Poison Pin Pokémon,Poison,Nor,0.4 m (1′04″),7.0 kg (15.4 lbs),55,47,52,40,40,41,275
0030,Nidorina,Poison Pin Pokémon,Poison,Nor,0.8 m (2′07″),20.0 kg (44.1 lbs),70,62,67,55,55,56,365
0031,Nidoqueen,Drill Pokémon,Poison,Ground,1.3 m (4′03″),60.0 kg (132.3 lbs),90,92,87,75,85,76,505
0032,Nidoran♂ (male),Poison Pin Pokémon,Poison,Nor,0.5 m (1′08″),9.0 kg (19.8 lbs),46,57,40,40,40,50,273
0033,Nidorino,Poison Pin Pokémon,Poison,Nor,0.9 m (2′11″),19.5 kg (43.0 lbs),61,72,57,55,55,65,365
0034,Nidoking,Drill Pokémon,Poison,Ground,1.4 m (4′07″),62.0 kg (136.7 lbs),81,102,77,85,75,85,505
0035,Clefairy,Fairy Pokémon,Fairy,Nor,0.6 m (2′00″),7.5 kg (16.5 lbs),70,45,48,60,65,35,323
0036,Clefable,Fairy Pokémon,Fairy,Nor,1.3 m (4′03″),40.0 kg (88.2 lbs),95,70,73,95,90,60,483
0037,Vulpix,Fox Pokémon,Fire,Nor,0.6 m (2′00″),9.9 kg (21.8 lbs),38,41,40,50,65,65,299
0038,Ninetales,Fox Pokémon,Fire,Nor,1.1 m (3′07″),19.9 kg (43.9 lbs),73,76,75,81,100,100,505
0039,Jigglypuff,Balloon Pokémon,Normal,Fairy,0.5 m (1′08″),5.5 kg (12.1 lbs),115,45,20,45,25,20,270
0040,Wigglytuff,Balloon Pokémon,Normal,Fairy,1.0 m (3′03″),12.0 kg (26.5 lbs),140,70,45,85,50,45,435
0041,Zubat,Bat Pokémon,Poison,Flying,0.8 m (2′07″),7.5 kg (16.5 lbs),40,45,35,30,40,55,245
0042,Golbat,Bat Pokémon,Poison,Flying,1.6 m (5′03″),55.0 kg (121.3 lbs),75,80,70,65,75,90,455
0043,Oddish,Weed Pokémon,Grass,Poison,0.5 m (1′08″),5.4 kg (11.9 lbs),45,50,55,75,65,30,320
0044,Gloom,Weed Pokémon,Grass,Poison,0.8 m (2′07″),8.6 kg (19.0 lbs),60,65,70,85,75,40,395
0045,Vileplume,Flower Pokémon,Grass,Poison,1.2 m (3′11″),18.6 kg (41.0 lbs),75,80,85,110,90,50,490
0046,Paras,Mushroom Pokémon,Bug,Grass,0.3 m (1′00″),5.4 kg (11.9 lbs),35,70,55,45,55,25,285
0047,Parasect,Mushroom Pokémon,Bug,Grass,1.0 m (3′03″),29.5 kg (65.0 lbs),60,95,80,60,80,30,405
0048,Venonat,Insect Pokémon,Bug,Poison,1.0 m (3′03″),30.0 kg (66.1 lbs),60,55,50,40,55,45,305
0049,Venomoth,Poison Moth Pokémon,Bug,Poison,1.5 m (4′11″),12.5 kg (27.6 lbs),70,65,60,90,75,90,450
0050,Diglett,Mole Pokémon,Ground,Nor,0.2 m (0′08″),0.8 kg (1.8 lbs),10,55,25,35,45,95,265
0051,Dugtrio,Mole Pokémon,Ground,Nor,0.7 m (2′04″),33.3 kg (73.4 lbs),35,100,50,50,70,120,425
0052,Meowth,Scratch Cat Pokémon,Normal,Nor,0.4 m (1′04″),4.2 kg (9.3 lbs),40,45,35,40,40,90,290
0053,Persian,Classy Cat Pokémon,Normal,Nor,1.0 m (3′03″),32.0 kg (70.5 lbs),65,70,60,65,65,115,440
0054,Psyduck,Duck Pokémon,Water,Nor,0.8 m (2′07″),19.6 kg (43.2 lbs),50,52,48,65,50,55,320
0055,Golduck,Duck Pokémon,Water,Nor,1.7 m (5′07″),76.6 kg (168.9 lbs),80,82,78,95,80,85,500
0056,Mankey,Pig Monkey Pokémon,Fighting,Nor,0.5 m (1′08″),28.0 kg (61.7 lbs),40,80,35,35,45,70,305
0057,Primeape,Pig Monkey Pokémon,Fighting,Nor,1.0 m (3′03″),32.0 kg (70.5 lbs),65,105,60,60,70,95,455
0058,Growlithe,Puppy Pokémon,Fire,Nor,0.7 m (2′04″),19.0 kg (41.9 lbs),55,70,45,70,50,60,350
0059,Arcanine,Legendary Pokémon,Fire,Nor,1.9 m (6′03″),155.0 kg (341.7 lbs),90,110,80,100,80,95,555
0060,Poliwag,Tadpole Pokémon,Water,Nor,0.6 m (2′00″),12.4 kg (27.3 lbs),40,50,40,40,40,90,300
0061,Poliwhirl,Tadpole Pokémon,Water,Nor,1.0 m (3′03″),20.0 kg (44.1 lbs),65,65,65,50,50,90,385
0062,Poliwrath,Tadpole Pokémon,Water,Fighting,1.3 m (4′03″),54.0 kg (119.0 lbs),90,95,95,70,90,70,510
0063,Abra,Psi Pokémon,Psychic,Nor,0.9 m (2′11″),19.5 kg (43.0 lbs),25,20,15,105,55,90,310
0064,Kadabra,Psi Pokémon,Psychic,Nor,1.3 m (4′03″),56.5 kg (124.6 lbs),40,35,30,120,70,105,400
0065,Alakazam,Psi Pokémon,Psychic,Nor,1.5 m (4′11″),48.0 kg (105.8 lbs),55,50,45,135,95,120,500
0066,Machop,Superpower Pokémon,Fighting,Nor,0.8 m (2′07″),19.5 kg (43.0 lbs),70,80,50,35,35,35,305
0067,Machoke,Superpower Pokémon,Fighting,Nor,1.5 m (4′11″),70.5 kg (155.4 lbs),80,100,70,50,60,45,405
0068,Machamp,Superpower Pokémon,Fighting,Nor,1.6 m (5′03″),130.0 kg (286.6 lbs),90,130,80,65,85,55,505
0069,Bellsprout,Flower Pokémon,Grass,Poison,0.7 m (2′04″),4.0 kg (8.8 lbs),50,75,35,70,30,40,300
0070,Weepinbell,Flycatcher Pokémon,Grass,Poison,1.0 m (3′03″),6.4 kg (14.1 lbs),65,90,50,85,45,55,390
0071,Victreebel,Flycatcher Pokémon,Grass,Poison,1.7 m (5′07″),15.5 kg (34.2 lbs),80,105,65,100,70,70,490
0072,Tentacool,Jellyfish Pokémon,Water,Poison,0.9 m (2′11″),45.5 kg (100.3 lbs),40,40,35,50,100,70,335
0073,Tentacruel,Jellyfish Pokémon,Water,Poison,1.6 m (5′03″),55.0 kg (121.3 lbs),80,70,65,80,120,100,515
0074,Geodude,Rock Pokémon,Rock,Ground,0.4 m (1′04″),20.0 kg (44.1 lbs),40,80,100,30,30,20,300
0075,Graveler,Rock Pokémon,Rock,Ground,1.0 m (3′03″),105.0 kg (231.5 lbs),55,95,115,45,45,35,390
0076,Golem,Megaton Pokémon,Rock,Ground,1.4 m (4′07″),300.0 kg (661.4 lbs),80,120,130,55,65,45,495
0077,Ponyta,Fire Horse Pokémon,Fire,Nor,1.0 m (3′03″),30.0 kg (66.1 lbs),50,85,55,65,65,90,410
0078,Rapidash,Fire Horse Pokémon,Fire,Nor,1.7 m (5′07″),95.0 kg (209.4 lbs),65,100,70,80,80,105,500
0079,Slowpoke,Dopey Pokémon,Water,Psychic,1.2 m (3′11″),36.0 kg (79.4 lbs),90,65,65,40,40,15,315
0080,Slowbro,Hermit Crab Pokémon,Water,Psychic,1.6 m (5′03″),78.5 kg (173.1 lbs),95,75,110,100,80,30,490
0081,Magnemite,Magnet Pokémon,Electric,Steel,0.3 m (1′00″),6.0 kg (13.2 lbs),25,35,70,95,55,45,325
0082,Magneton,Magnet Pokémon,Electric,Steel,1.0 m (3′03″),60.0 kg (132.3 lbs),50,60,95,120,70,70,465
0083,Farfetch'd,Wild Duck Pokémon,Normal,Flying,0.8 m (2′07″),15.0 kg (33.1 lbs),52,90,55,58,62,60,377
0084,Doduo,Twin Bird Pokémon,Normal,Flying,1.4 m (4′07″),39.2 kg (86.4 lbs),35,85,45,35,35,75,310
0085,Dodrio,Triple Bird Pokémon,Normal,Flying,1.8 m (5′11″),85.2 kg (187.8 lbs),60,110,70,60,60,110,470
0086,Seel,Sea Lion Pokémon,Water,Nor,1.1 m (3′07″),90.0 kg (198.4 lbs),65,45,55,45,70,45,325
0087,Dewgong,Sea Lion Pokémon,Water,Ice,1.7 m (5′07″),120.0 kg (264.6 lbs),90,70,80,70,95,70,475
0088,Grimer,Sludge Pokémon,Poison,Nor,0.9 m (2′11″),30.0 kg (66.1 lbs),80,80,50,40,50,25,325
0089,Muk,Sludge Pokémon,Poison,Nor,1.2 m (3′11″),30.0 kg (66.1 lbs),105,105,75,65,100,50,500
0090,Shellder,Bivalve Pokémon,Water,Nor,0.3 m (1′00″),4.0 kg (8.8 lbs),30,65,100,45,25,40,305
0091,Cloyster,Bivalve Pokémon,Water,Ice,1.5 m (4′11″),132.5 kg (292.1 lbs),50,95,180,85,45,70,525
0092,Gastly,Gas Pokémon,Ghost,Poison,1.3 m (4′03″),0.1 kg (0.2 lbs),30,35,30,100,35,80,310
0093,Haunter,Gas Pokémon,Ghost,Poison,1.6 m (5′03″),0.1 kg (0.2 lbs),45,50,45,115,55,95,405
0094,Gengar,Shadow Pokémon,Ghost,Poison,1.5 m (4′11″),40.5 kg (89.3 lbs),60,65,60,130,75,110,500
0095,Onix,Rock Snake Pokémon,Rock,Ground,8.8 m (28′10″),210.0 kg (463.0 lbs),35,45,160,30,45,70,385
0096,Drowzee,Hypnosis Pokémon,Psychic,Nor,1.0 m (3′03″),32.4 kg (71.4 lbs),60,48,45,43,90,42,328
0097,Hypno,Hypnosis Pokémon,Psychic,Nor,1.6 m (5′03″),75.6 kg (166.7 lbs),85,73,70,73,115,67,483
0098,Krabby,River Crab Pokémon,Water,Nor,0.4 m (1′04″),6.5 kg (14.3 lbs),30,105,90,25,25,50,325
0099,Kingler,Pincer Pokémon,Water,Nor,1.3 m (4′03″),60.0 kg (132.3 lbs),55,130,115,50,50,75,475
0100,Voltorb,Ball Pokémon,Electric,Nor,0.5 m (1′08″),10.4 kg (22.9 lbs),40,30,50,55,55,100,330
0101,Electrode,Ball Pokémon,Electric,Nor,1.2 m (3′11″),66.6 kg (146.8 lbs),60,50,70,80,80,150,490
0102,Exeggcute,Egg Pokémon,Grass,Psychic,0.4 m (1′04″),2.5 kg (5.5 lbs),60,40,80,60,45,40,325
0103,Exeggutor,Coconut Pokémon,Grass,Psychic,2.0 m (6′07″),120.0 kg (264.6 lbs),95,95,85,125,75,55,530
0104,Cubone,Lonely Pokémon,Ground,Nor,0.4 m (1′04″),6.5 kg (14.3 lbs),50,50,95,40,50,35,320
0105,Marowak,Bone Keeper Pokémon,Ground,Nor,1.0 m (3′03″),45.0 kg (99.2 lbs),60,80,110,50,80,45,425
0106,Hitmonlee,Kicking Pokémon,Fighting,Nor,1.5 m (4′11″),49.8 kg (109.8 lbs),50,120,53,35,110,87,455
0107,Hitmonchan,Punching Pokémon,Fighting,Nor,1.4 m (4′07″),50.2 kg (110.7 lbs),50,105,79,35,110,76,455
0108,Lickitung,Licking Pokémon,Normal,Nor,1.2 m (3′11″),65.5 kg (144.4 lbs),90,55,75,60,75,30,385
0109,Koffing,Poison Gas Pokémon,Poison,Nor,0.6 m (2′00″),1.0 kg (2.2 lbs),40,65,95,60,45,35,340
0110,Weezing,Poison Gas Pokémon,Poison,Nor,1.2 m (3′11″),9.5 kg (20.9 lbs),65,90,120,85,70,60,490
0111,Rhyhorn,Spikes Pokémon,Ground,Rock,1.0 m (3′03″),115.0 kg (253.5 lbs),80,85,95,30,30,25,345
0112,Rhydon,Drill Pokémon,Ground,Rock,1.9 m (6′03″),120.0 kg (264.6 lbs),105,130,120,45,45,40,485
0113,Chansey,Egg Pokémon,Normal,Nor,1.1 m (3′07″),34.6 kg (76.3 lbs),250,5,5,35,105,50,450
0114,Tangela,Vine Pokémon,Grass,Nor,1.0 m (3′03″),35.0 kg (77.2 lbs),65,55,115,100,40,60,435
0115,Kangaskhan,Parent Pokémon,Normal,Nor,2.2 m (7′03″),80.0 kg (176.4 lbs),105,95,80,40,80,90,490
0116,Horsea,Dragon Pokémon,Water,Nor,0.4 m (1′04″),8.0 kg (17.6 lbs),30,40,70,70,25,60,295
0117,Seadra,Dragon Pokémon,Water,Nor,1.2 m (3′11″),25.0 kg (55.1 lbs),55,65,95,95,45,85,440
0118,Goldeen,Goldfish Pokémon,Water,Nor,0.6 m (2′00″),15.0 kg (33.1 lbs),45,67,60,35,50,63,320
0119,Seaking,Goldfish Pokémon,Water,Nor,1.3 m (4′03″),39.0 kg (86.0 lbs),80,92,65,65,80,68,450
0120,Staryu,Star Shape Pokémon,Water,Nor,0.8 m (2′07″),34.5 kg (76.1 lbs),30,45,55,70,55,85,340
0121,Starmie,Mysterious Pokémon,Water,Psychic,1.1 m (3′07″),80.0 kg (176.4 lbs),60,75,85,100,85,115,520
0122,Mr. Mime,Barrier Pokémon,Psychic,Fairy,1.3 m (4′03″),54.5 kg (120.2 lbs),40,45,65,100,120,90,460
0123,Scyther,Mantis Pokémon,Bug,Flying,1.5 m (4′11″),56.0 kg (123.5 lbs),70,110,80,55,80,105,500
0124,Jynx,Human Shape Pokémon,Ice,Psychic,1.4 m (4′07″),40.6 kg (89.5 lbs),65,50,35,115,95,95,455
0125,Electabuzz,Electric Pokémon,Electric,Nor,1.1 m (3′07″),30.0 kg (66.1 lbs),65,83,57,95,85,105,490
0126,Magmar,Spitfire Pokémon,Fire,Nor,1.3 m (4′03″),44.5 kg (98.1 lbs),65,95,57,100,85,93,495
0127,Pinsir,Stag Beetle Pokémon,Bug,Nor,1.5 m (4′11″),55.0 kg (121.3 lbs),65,125,100,55,70,85,500
0128,Tauros,Wild Bull Pokémon,Normal,Nor,1.4 m (4′07″),88.4 kg (194.9 lbs),75,100,95,40,70,110,490
0129,Magikarp,Fish Pokémon,Water,Nor,0.9 m (2′11″),10.0 kg (22.0 lbs),20,10,55,15,20,80,200
0130,Gyarados,Atrocious Pokémon,Water,Flying,6.5 m (21′04″),235.0 kg (518.1 lbs),95,125,79,60,100,81,540
0131,Lapras,Transport Pokémon,Water,Ice,2.5 m (8′02″),220.0 kg (485.0 lbs),130,85,80,85,95,60,535
0132,Ditto,Transform Pokémon,Normal,Nor,0.3 m (1′00″),4.0 kg (8.8 lbs),48,48,48,48,48,48,288
0133,Eevee,Evolution Pokémon,Normal,Nor,0.3 m (1′00″),6.5 kg (14.3 lbs),55,55,50,45,65,55,325
0134,Vaporeon,Bubble Jet Pokémon,Water,Nor,1.0 m (3′03″),29.0 kg (63.9 lbs),130,65,60,110,95,65,525
0135,Jolteon,Lightning Pokémon,Electric,Nor,0.8 m (2′07″),24.5 kg (54.0 lbs),65,65,60,110,95,130,525
0136,Flareon,Flame Pokémon,Fire,Nor,0.9 m (2′11″),25.0 kg (55.1 lbs),65,130,60,95,110,65,525
0137,Porygon,Virtual Pokémon,Normal,Nor,0.8 m (2′07″),36.5 kg (80.5 lbs),65,60,70,85,75,40,395
0138,Omanyte,Spiral Pokémon,Rock,Water,0.4 m (1′04″),7.5 kg (16.5 lbs),35,40,100,90,55,35,355
0139,Omastar,Spiral Pokémon,Rock,Water,1.0 m (3′03″),35.0 kg (77.2 lbs),70,60,125,115,70,55,495
0140,Kabuto,Shellfish Pokémon,Rock,Water,0.5 m (1′08″),11.5 kg (25.4 lbs),30,80,90,55,45,55,355
0141,Kabutops,Shellfish Pokémon,Rock,Water,1.3 m (4′03″),40.5 kg (89.3 lbs),60,115,105,65,70,80,495
0142,Aerodactyl,Fossil Pokémon,Rock,Flying,1.8 m (5′11″),59.0 kg (130.1 lbs),80,105,65,60,75,130,515
0143,Snorlax,Sleeping Pokémon,Normal,Nor,2.1 m (6′11″),460.0 kg (1014.1 lbs),160,110,65,65,110,30,540
0144,Articuno,Freeze Pokémon,Ice,Flying,1.7 m (5′07″),55.4 kg (122.1 lbs),90,85,100,95,125,85,580
0145,Zapdos,Electric Pokémon,Electric,Flying,1.6 m (5′03″),52.6 kg (116.0 lbs),90,90,85,125,90,100,580
0146,Moltres,Flame Pokémon,Fire,Flying,2.0 m (6′07″),60.0 kg (132.3 lbs),90,100,90,125,85,90,580
0147,Dratini,Dragon Pokémon,Dragon,Nor,1.8 m (5′11″),3.3 kg (7.3 lbs),41,64,45,50,50,50,300
0148,Dragonair,Dragon Pokémon,Dragon,Nor,4.0 m (13′01″),16.5 kg (36.4 lbs),61,84,65,70,70,70,420
0149,Dragonite,Dragon Pokémon,Dragon,Flying,2.2 m (7′03″),210.0 kg (463.0 lbs),91,134,95,100,100,80,600
0150,Mewtwo,Genetic Pokémon,Psychic,Nor,2.0 m (6′07″),122.0 kg (269.0 lbs),106,110,90,154,90,130,680
0151,Mew,New Species Pokémon,Psychic,Nor,0.4 m (1′04″),4.0 kg (8.8 lbs),100,100,100,100,100,100,600
0152,Chikorita,Leaf Pokémon,Grass,Nor,0.9 m (2′11″),6.4 kg (14.1 lbs),45,49,65,49,65,45,318
0153,Bayleef,Leaf Pokémon,Grass,Nor,1.2 m (3′11″),15.8 kg (34.8 lbs),60,62,80,63,80,60,405
0154,Meganium,Herb Pokémon,Grass,Nor,1.8 m (5′11″),100.5 kg (221.6 lbs),80,82,100,83,100,80,525
0155,Cyndaquil,Fire Mouse Pokémon,Fire,Nor,0.5 m (1′08″),7.9 kg (17.4 lbs),39,52,43,60,50,65,309
0156,Quilava,Volcano Pokémon,Fire,Nor,0.9 m (2′11″),19.0 kg (41.9 lbs),58,64,58,80,65,80,405
0157,Typhlosion,Volcano Pokémon,Fire,Nor,1.7 m (5′07″),79.5 kg (175.3 lbs),78,84,78,109,85,100,534
0158,Totodile,Big Jaw Pokémon,Water,Nor,0.6 m (2′00″),9.5 kg (20.9 lbs),50,65,64,44,48,43,314
0159,Croconaw,Big Jaw Pokémon,Water,Nor,1.1 m (3′07″),25.0 kg (55.1 lbs),65,80,80,59,63,58,405
0160,Feraligatr,Big Jaw Pokémon,Water,Nor,2.3 m (7′07″),88.8 kg (195.8 lbs),85,105,100,79,83,78,530
0161,Sentret,Scout Pokémon,Normal,Nor,0.8 m (2′07″),6.0 kg (13.2 lbs),35,46,34,35,45,20,215
0162,Furret,Long Body Pokémon,Normal,Nor,1.8 m (5′11″),32.5 kg (71.7 lbs),85,76,64,45,55,90,415
0163,Hoothoot,Owl Pokémon,Normal,Flying,0.7 m (2′04″),21.2 kg (46.7 lbs),60,30,30,36,56,50,262
0164,Noctowl,Owl Pokémon,Normal,Flying,1.6 m (5′03″),40.8 kg (89.9 lbs),100,50,50,86,96,70,452
0165,Ledyba,Five Star Pokémon,Bug,Flying,1.0 m (3′03″),10.8 kg (23.8 lbs),40,20,30,40,80,55,265
0166,Ledian,Five Star Pokémon,Bug,Flying,1.4 m (4′07″),35.6 kg (78.5 lbs),55,35,50,55,110,85,390
0167,Spinarak,String Spit Pokémon,Bug,Poison,0.5 m (1′08″),8.5 kg (18.7 lbs),40,60,40,40,40,30,250
0168,Ariados,Long Leg Pokémon,Bug,Poison,1.1 m (3′07″),33.5 kg (73.9 lbs),70,90,70,60,70,40,400
0169,Crobat,Bat Pokémon,Poison,Flying,1.8 m (5′11″),75.0 kg (165.3 lbs),85,90,80,70,80,130,535
0170,Chinchou,Angler Pokémon,Water,Electric,0.5 m (1′08″),12.0 kg (26.5 lbs),75,38,38,56,56,67,330
0171,Lanturn,Light Pokémon,Water,Electric,1.2 m (3′11″),22.5 kg (49.6 lbs),125,58,58,76,76,67,460
0172,Pichu,Tiny Mouse Pokémon,Electric,Nor,0.3 m (1′00″),2.0 kg (4.4 lbs),20,40,15,35,35,60,205
0173,Cleffa,Star Shape Pokémon,Fairy,Nor,0.3 m (1′00″),3.0 kg (6.6 lbs),50,25,28,45,55,15,218
0174,Igglybuff,Balloon Pokémon,Normal,Fairy,0.3 m (1′00″),1.0 kg (2.2 lbs),90,30,15,40,20,15,210
0175,Togepi,Spike Ball Pokémon,Fairy,Nor,0.3 m (1′00″),1.5 kg (3.3 lbs),35,20,65,40,65,20,245
0176,Togetic,Happiness Pokémon,Fairy,Flying,0.6 m (2′00″),3.2 kg (7.1 lbs),55,40,85,80,105,40,405
0177,Natu,Tiny Bird Pokémon,Psychic,Flying,0.2 m (0′08″),2.0 kg (4.4 lbs),40,50,45,70,45,70,320
0178,Xatu,Mystic Pokémon,Psychic,Flying,1.5 m (4′11″),15.0 kg (33.1 lbs),65,75,70,95,70,95,470
0179,Mareep,Wool Pokémon,Electric,Nor,0.6 m (2′00″),7.8 kg (17.2 lbs),55,40,40,65,45,35,280
0180,Flaaffy,Wool Pokémon,Electric,Nor,0.8 m (2′07″),13.3 kg (29.3 lbs),70,55,55,80,60,45,365
0181,Ampharos,Light Pokémon,Electric,Nor,1.4 m (4′07″),61.5 kg (135.6 lbs),90,75,85,115,90,55,510
0182,Bellossom,Flower Pokémon,Grass,Nor,0.4 m (1′04″),5.8 kg (12.8 lbs),75,80,95,90,100,50,490
0183,Marill,Aqua Mouse Pokémon,Water,Fairy,0.4 m (1′04″),8.5 kg (18.7 lbs),70,20,50,20,50,40,250
0184,Azumarill,Aqua Rabbit Pokémon,Water,Fairy,0.8 m (2′07″),28.5 kg (62.8 lbs),100,50,80,60,80,50,420
0185,Sudowoodo,Imitation Pokémon,Rock,Nor,1.2 m (3′11″),38.0 kg (83.8 lbs),70,100,115,30,65,30,410
0186,Politoed,Frog Pokémon,Water,Nor,1.1 m (3′07″),33.9 kg (74.7 lbs),90,75,75,90,100,70,500
0187,Hoppip,Cottonweed Pokémon,Grass,Flying,0.4 m (1′04″),0.5 kg (1.1 lbs),35,35,40,35,55,50,250
0188,Skiploom,Cottonweed Pokémon,Grass,Flying,0.6 m (2′00″),1.0 kg (2.2 lbs),55,45,50,45,65,80,340
0189,Jumpluff,Cottonweed Pokémon,Grass,Flying,0.8 m (2′07″),3.0 kg (6.6 lbs),75,55,70,55,95,110,460
0190,Aipom,Long Tail Pokémon,Normal,Nor,0.8 m (2′07″),11.5 kg (25.4 lbs),55,70,55,40,55,85,360
0191,Sunkern,Seed Pokémon,Grass,Nor,0.3 m (1′00″),1.8 kg (4.0 lbs),30,30,30,30,30,30,180
0192,Sunflora,Sun Pokémon,Grass,Nor,0.8 m (2′07″),8.5 kg (18.7 lbs),75,75,55,105,85,30,425
0193,Yanma,Clear Wing Pokémon,Bug,Flying,1.2 m (3′11″),38.0 kg (83.8 lbs),65,65,45,75,45,95,390
0194,Wooper,Water Fish Pokémon,Water,Ground,0.4 m (1′04″),8.5 kg (18.7 lbs),55,45,45,25,25,15,210
0195,Quagsire,Water Fish Pokémon,Water,Ground,1.4 m (4′07″),75.0 kg (165.3 lbs),95,85,85,65,65,35,430
0196,Espeon,Sun Pokémon,Psychic,Nor,0.9 m (2′11″),26.5 kg (58.4 lbs),65,65,60,130,95,110,525
0197,Umbreon,Moonlight Pokémon,Dark,Nor,1.0 m (3′03″),27.0 kg (59.5 lbs),95,65,110,60,130,65,525
0198,Murkrow,Darkness Pokémon,Dark,Flying,0.5 m (1′08″),2.1 kg (4.6 lbs),60,85,42,85,42,91,405
0199,Slowking,Royal Pokémon,Water,Psychic,2.0 m (6′07″),79.5 kg (175.3 lbs),95,75,80,100,110,30,490
0200,Misdreavus,Screech Pokémon,Ghost,Nor,0.7 m (2′04″),1.0 kg (2.2 lbs),60,60,60,85,85,85,435
0201,Unown,Symbol Pokémon,Psychic,Nor,0.5 m (1′08″),5.0 kg (11.0 lbs),48,72,48,72,48,48,336
0202,Wobbuffet,Patient Pokémon,Psychic,Nor,1.3 m (4′03″),28.5 kg (62.8 lbs),190,33,58,33,58,33,405
0203,Girafarig,Long Neck Pokémon,Normal,Psychic,1.5 m (4′11″),41.5 kg (91.5 lbs),70,80,65,90,65,85,455
0204,Pineco,Bagworm Pokémon,Bug,Nor,0.6 m (2′00″),7.2 kg (15.9 lbs),50,65,90,35,35,15,290
0205,Forretress,Bagworm Pokémon,Bug,Steel,1.2 m (3′11″),125.8 kg (277.3 lbs),75,90,140,60,60,40,465
0206,Dunsparce,Land Snake Pokémon,Normal,Nor,1.5 m (4′11″),14.0 kg (30.9 lbs),100,70,70,65,65,45,415
0207,Gligar,FlyScorpion Pokémon,Ground,Flying,1.1 m (3′07″),64.8 kg (142.9 lbs),65,75,105,35,65,85,430
0208,Steelix,Iron Snake Pokémon,Steel,Ground,9.2 m (30′02″),400.0 kg (881.8 lbs),75,85,200,55,65,30,510
0209,Snubbull,Fairy Pokémon,Fairy,Nor,0.6 m (2′00″),7.8 kg (17.2 lbs),60,80,50,40,40,30,300
0210,Granbull,Fairy Pokémon,Fairy,Nor,1.4 m (4′07″),48.7 kg (107.4 lbs),90,120,75,60,60,45,450
0211,Qwilfish,Balloon Pokémon,Water,Poison,0.5 m (1′08″),3.9 kg (8.6 lbs),65,95,85,55,55,85,440
0212,Scizor,Pincer Pokémon,Bug,Steel,1.8 m (5′11″),118.0 kg (260.1 lbs),70,130,100,55,80,65,500
0213,Shuckle,Mold Pokémon,Bug,Rock,0.6 m (2′00″),20.5 kg (45.2 lbs),20,10,230,10,230,5,505
0214,Heracross,Single Horn Pokémon,Bug,Fighting,1.5 m (4′11″),54.0 kg (119.0 lbs),80,125,75,40,95,85,500
0215,Sneasel,Sharp Claw Pokémon,Dark,Ice,0.9 m (2′11″),28.0 kg (61.7 lbs),55,95,55,35,75,115,430
0216,Teddiursa,Little Bear Pokémon,Normal,Nor,0.6 m (2′00″),8.8 kg (19.4 lbs),60,80,50,50,50,40,330
0217,Ursaring,Hibernator Pokémon,Normal,Nor,1.8 m (5′11″),125.8 kg (277.3 lbs),90,130,75,75,75,55,500
0218,Slugma,Lava Pokémon,Fire,Nor,0.7 m (2′04″),35.0 kg (77.2 lbs),40,40,40,70,40,20,250
0219,Magcargo,Lava Pokémon,Fire,Rock,0.8 m (2′07″),55.0 kg (121.3 lbs),60,50,120,90,80,30,430
0220,Swinub,Pig Pokémon,Ice,Ground,0.4 m (1′04″),6.5 kg (14.3 lbs),50,50,40,30,30,50,250
0221,Piloswine,Swine Pokémon,Ice,Ground,1.1 m (3′07″),55.8 kg (123.0 lbs),100,100,80,60,60,50,450
0222,Corsola,Coral Pokémon,Water,Rock,0.6 m (2′00″),5.0 kg (11.0 lbs),65,55,95,65,95,35,410
0223,Remoraid,Jet Pokémon,Water,Nor,0.6 m (2′00″),12.0 kg (26.5 lbs),35,65,35,65,35,65,300
0224,Octillery,Jet Pokémon,Water,Nor,0.9 m (2′11″),28.5 kg (62.8 lbs),75,105,75,105,75,45,480
0225,Delibird,Delivery Pokémon,Ice,Flying,0.9 m (2′11″),16.0 kg (35.3 lbs),45,55,45,65,45,75,330
0226,Mantine,Kite Pokémon,Water,Flying,2.1 m (6′11″),220.0 kg (485.0 lbs),85,40,70,80,140,70,485
0227,Skarmory,Armor Bird Pokémon,Steel,Flying,1.7 m (5′07″),50.5 kg (111.3 lbs),65,80,140,40,70,70,465
0228,Houndour,Dark Pokémon,Dark,Fire,0.6 m (2′00″),10.8 kg (23.8 lbs),45,60,30,80,50,65,330
0229,Houndoom,Dark Pokémon,Dark,Fire,1.4 m (4′07″),35.0 kg (77.2 lbs),75,90,50,110,80,95,500
0230,Kingdra,Dragon Pokémon,Water,Dragon,1.8 m (5′11″),152.0 kg (335.1 lbs),75,95,95,95,95,85,540
0231,Phanpy,Long Nose Pokémon,Ground,Nor,0.5 m (1′08″),33.5 kg (73.9 lbs),90,60,60,40,40,40,330
0232,Donphan,Armor Pokémon,Ground,Nor,1.1 m (3′07″),120.0 kg (264.6 lbs),90,120,120,60,60,50,500
0233,Porygon2,Virtual Pokémon,Normal,Nor,0.6 m (2′00″),32.5 kg (71.7 lbs),85,80,90,105,95,60,515
0234,Stantler,Big Horn Pokémon,Normal,Nor,1.4 m (4′07″),71.2 kg (157.0 lbs),73,95,62,85,65,85,465
0235,Smeargle,Painter Pokémon,Normal,Nor,1.2 m (3′11″),58.0 kg (127.9 lbs),55,20,35,20,45,75,250
0236,Tyrogue,Scuffle Pokémon,Fighting,Nor,0.7 m (2′04″),21.0 kg (46.3 lbs),35,35,35,35,35,35,210
0237,Hitmontop,Handstand Pokémon,Fighting,Nor,1.4 m (4′07″),48.0 kg (105.8 lbs),50,95,95,35,110,70,455
0238,Smoochum,Kiss Pokémon,Ice,Psychic,0.4 m (1′04″),6.0 kg (13.2 lbs),45,30,15,85,65,65,305
0239,Elekid,Electric Pokémon,Electric,Nor,0.6 m (2′00″),23.5 kg (51.8 lbs),45,63,37,65,55,95,360
0240,Magby,Live Coal Pokémon,Fire,Nor,0.7 m (2′04″),21.4 kg (47.2 lbs),45,75,37,70,55,83,365
0241,Miltank,Milk Cow Pokémon,Normal,Nor,1.2 m (3′11″),75.5 kg (166.4 lbs),95,80,105,40,70,100,490
0242,Blissey,Happiness Pokémon,Normal,Nor,1.5 m (4′11″),46.8 kg (103.2 lbs),255,10,10,75,135,55,540
0243,Raikou,Thunder Pokémon,Electric,Nor,1.9 m (6′03″),178.0 kg (392.4 lbs),90,85,75,115,100,115,580
0244,Entei,Volcano Pokémon,Fire,Nor,2.1 m (6′11″),198.0 kg (436.5 lbs),115,115,85,90,75,100,580
0245,Suicune,Aurora Pokémon,Water,Nor,2.0 m (6′07″),187.0 kg (412.3 lbs),100,75,115,90,115,85,580
0246,Larvitar,Rock Skin Pokémon,Rock,Ground,0.6 m (2′00″),72.0 kg (158.7 lbs),50,64,50,45,50,41,300
0247,Pupitar,Hard Shell Pokémon,Rock,Ground,1.2 m (3′11″),152.0 kg (335.1 lbs),70,84,70,65,70,51,410
0248,Tyranitar,Armor Pokémon,Rock,Dark,2.0 m (6′07″),202.0 kg (445.3 lbs),100,134,110,95,100,61,600
0249,Lugia,Diving Pokémon,Psychic,Flying,5.2 m (17′01″),216.0 kg (476.2 lbs),106,90,130,90,154,110,680
0250,Ho-oh,Rainbow Pokémon,Fire,Flying,3.8 m (12′06″),199.0 kg (438.7 lbs),106,130,90,110,154,90,680
0251,Celebi,Time Travel Pokémon,Psychic,Grass,0.6 m (2′00″),5.0 kg (11.0 lbs),100,100,100,100,100,100,600
0252,Treecko,Wood Gecko Pokémon,Grass,Nor,0.5 m (1′08″),5.0 kg (11.0 lbs),40,45,35,65,55,70,310
0253,Grovyle,Wood Gecko Pokémon,Grass,Nor,0.9 m (2′11″),21.6 kg (47.6 lbs),50,65,45,85,65,95,405
0254,Sceptile,Forest Pokémon,Grass,Nor,1.7 m (5′07″),52.2 kg (115.1 lbs),70,85,65,105,85,120,530
0255,Torchic,Chick Pokémon,Fire,Nor,0.4 m (1′04″),2.5 kg (5.5 lbs),45,60,40,70,50,45,310
0256,Combusken,Young Fowl Pokémon,Fire,Fighting,0.9 m (2′11″),19.5 kg (43.0 lbs),60,85,60,85,60,55,405
0257,Blaziken,Blaze Pokémon,Fire,Fighting,1.9 m (6′03″),52.0 kg (114.6 lbs),80,120,70,110,70,80,530
0258,Mudkip,Mud Fish Pokémon,Water,Nor,0.4 m (1′04″),7.6 kg (16.8 lbs),50,70,50,50,50,40,310
0259,Marshtomp,Mud Fish Pokémon,Water,Ground,0.7 m (2′04″),28.0 kg (61.7 lbs),70,85,70,60,70,50,405
0260,Swampert,Mud Fish Pokémon,Water,Ground,1.5 m (4′11″),81.9 kg (180.6 lbs),100,110,90,85,90,60,535
0261,Poochyena,Bite Pokémon,Dark,Nor,0.5 m (1′08″),13.6 kg (30.0 lbs),35,55,35,30,30,35,220
0262,Mightyena,Bite Pokémon,Dark,Nor,1.0 m (3′03″),37.0 kg (81.6 lbs),70,90,70,60,60,70,420
0263,Zigzagoon,TinyRaccoon Pokémon,Normal,Nor,0.4 m (1′04″),17.5 kg (38.6 lbs),38,30,41,30,41,60,240
0264,Linoone,Rushing Pokémon,Normal,Nor,0.5 m (1′08″),32.5 kg (71.7 lbs),78,70,61,50,61,100,420
0265,Wurmple,Worm Pokémon,Bug,Nor,0.3 m (1′00″),3.6 kg (7.9 lbs),45,45,35,20,30,20,195
0266,Silcoon,Cocoon Pokémon,Bug,Nor,0.6 m (2′00″),10.0 kg (22.0 lbs),50,35,55,25,25,15,205
0267,Beautifly,Butterfly Pokémon,Bug,Flying,1.0 m (3′03″),28.4 kg (62.6 lbs),60,70,50,100,50,65,395
0268,Cascoon,Cocoon Pokémon,Bug,Nor,0.7 m (2′04″),11.5 kg (25.4 lbs),50,35,55,25,25,15,205
0269,Dustox,Poison Moth Pokémon,Bug,Poison,1.2 m (3′11″),31.6 kg (69.7 lbs),60,50,70,50,90,65,385
0270,Lotad,Water Weed Pokémon,Water,Grass,0.5 m (1′08″),2.6 kg (5.7 lbs),40,30,30,40,50,30,220
0271,Lombre,Jolly Pokémon,Water,Grass,1.2 m (3′11″),32.5 kg (71.7 lbs),60,50,50,60,70,50,340
0272,Ludicolo,Carefree Pokémon,Water,Grass,1.5 m (4′11″),55.0 kg (121.3 lbs),80,70,70,90,100,70,480
0273,Seedot,Acorn Pokémon,Grass,Nor,0.5 m (1′08″),4.0 kg (8.8 lbs),40,40,50,30,30,30,220
0274,Nuzleaf,Wily Pokémon,Grass,Dark,1.0 m (3′03″),28.0 kg (61.7 lbs),70,70,40,60,40,60,340
0275,Shiftry,Wicked Pokémon,Grass,Dark,1.3 m (4′03″),59.6 kg (131.4 lbs),90,100,60,90,60,80,480
0276,Taillow,TinySwallow Pokémon,Normal,Flying,0.3 m (1′00″),2.3 kg (5.1 lbs),40,55,30,30,30,85,270
0277,Swellow,Swallow Pokémon,Normal,Flying,0.7 m (2′04″),19.8 kg (43.7 lbs),60,85,60,75,50,125,455
0278,Wingull,Seagull Pokémon,Water,Flying,0.6 m (2′00″),9.5 kg (20.9 lbs),40,30,30,55,30,85,270
0279,Pelipper,Water Bird Pokémon,Water,Flying,1.2 m (3′11″),28.0 kg (61.7 lbs),60,50,100,95,70,65,440
0280,Ralts,Feeling Pokémon,Psychic,Fairy,0.4 m (1′04″),6.6 kg (14.6 lbs),28,25,25,45,35,40,198
0281,Kirlia,Emotion Pokémon,Psychic,Fairy,0.8 m (2′07″),20.2 kg (44.5 lbs),38,35,35,65,55,50,278
0282,Gardevoir,Embrace Pokémon,Psychic,Fairy,1.6 m (5′03″),48.4 kg (106.7 lbs),68,65,65,125,115,80,518
0283,Surskit,Pond Skater Pokémon,Bug,Water,0.5 m (1′08″),1.7 kg (3.7 lbs),40,30,32,50,52,65,269
0284,Masquerain,Eyeball Pokémon,Bug,Flying,0.8 m (2′07″),3.6 kg (7.9 lbs),70,60,62,100,82,80,454
0285,Shroomish,Mushroom Pokémon,Grass,Nor,0.4 m (1′04″),4.5 kg (9.9 lbs),60,40,60,40,60,35,295
0286,Breloom,Mushroom Pokémon,Grass,Fighting,1.2 m (3′11″),39.2 kg (86.4 lbs),60,130,80,60,60,70,460
0287,Slakoth,Slacker Pokémon,Normal,Nor,0.8 m (2′07″),24.0 kg (52.9 lbs),60,60,60,35,35,30,280
0288,Vigoroth,Wild Monkey Pokémon,Normal,Nor,1.4 m (4′07″),46.5 kg (102.5 lbs),80,80,80,55,55,90,440
0289,Slaking,Lazy Pokémon,Normal,Nor,2.0 m (6′07″),130.5 kg (287.7 lbs),150,160,100,95,65,100,670
0290,Nincada,Trainee Pokémon,Bug,Ground,0.5 m (1′08″),5.5 kg (12.1 lbs),31,45,90,30,30,40,266
0291,Ninjask,Ninja Pokémon,Bug,Flying,0.8 m (2′07″),12.0 kg (26.5 lbs),61,90,45,50,50,160,456
0292,Shedinja,Shed Pokémon,Bug,Ghost,0.8 m (2′07″),1.2 kg (2.6 lbs),1,90,45,30,30,40,236
0293,Whismur,Whisper Pokémon,Normal,Nor,0.6 m (2′00″),16.3 kg (35.9 lbs),64,51,23,51,23,28,240
0294,Loudred,Big Voice Pokémon,Normal,Nor,1.0 m (3′03″),40.5 kg (89.3 lbs),84,71,43,71,43,48,360
0295,Exploud,Loud Noise Pokémon,Normal,Nor,1.5 m (4′11″),84.0 kg (185.2 lbs),104,91,63,91,73,68,490
0296,Makuhita,Guts Pokémon,Fighting,Nor,1.0 m (3′03″),86.4 kg (190.5 lbs),72,60,30,20,30,25,237
0297,Hariyama,Arm Thrust Pokémon,Fighting,Nor,2.3 m (7′07″),253.8 kg (559.5 lbs),144,120,60,40,60,50,474
0298,Azurill,Polka Dot Pokémon,Normal,Fairy,0.2 m (0′08″),2.0 kg (4.4 lbs),50,20,40,20,40,20,190
0299,Nosepass,Compass Pokémon,Rock,Nor,1.0 m (3′03″),97.0 kg (213.8 lbs),30,45,135,45,90,30,375
0300,Skitty,Kitten Pokémon,Normal,Nor,0.6 m (2′00″),11.0 kg (24.3 lbs),50,45,45,35,35,50,260
0301,Delcatty,Prim Pokémon,Normal,Nor,1.1 m (3′07″),32.6 kg (71.9 lbs),70,65,65,55,55,90,400
0302,Sableye,Darkness Pokémon,Dark,Ghost,0.5 m (1′08″),11.0 kg (24.3 lbs),50,75,75,65,65,50,380
0303,Mawile,Deceiver Pokémon,Steel,Fairy,0.6 m (2′00″),11.5 kg (25.4 lbs),50,85,85,55,55,50,380
0304,Aron,Iron Armor Pokémon,Steel,Rock,0.4 m (1′04″),60.0 kg (132.3 lbs),50,70,100,40,40,30,330
0305,Lairon,Iron Armor Pokémon,Steel,Rock,0.9 m (2′11″),120.0 kg (264.6 lbs),60,90,140,50,50,40,430
0306,Aggron,Iron Armor Pokémon,Steel,Rock,2.1 m (6′11″),360.0 kg (793.7 lbs),70,110,180,60,60,50,530
0307,Meditite,Meditate Pokémon,Fighting,Psychic,0.6 m (2′00″),11.2 kg (24.7 lbs),30,40,55,40,55,60,280
0308,Medicham,Meditate Pokémon,Fighting,Psychic,1.3 m (4′03″),31.5 kg (69.4 lbs),60,60,75,60,75,80,410
0309,Electrike,Lightning Pokémon,Electric,Nor,0.6 m (2′00″),15.2 kg (33.5 lbs),40,45,40,65,40,65,295
0310,Manectric,Discharge Pokémon,Electric,Nor,1.5 m (4′11″),40.2 kg (88.6 lbs),70,75,60,105,60,105,475
0311,Plusle,Cheering Pokémon,Electric,Nor,0.4 m (1′04″),4.2 kg (9.3 lbs),60,50,40,85,75,95,405
0312,Minun,Cheering Pokémon,Electric,Nor,0.4 m (1′04″),4.2 kg (9.3 lbs),60,40,50,75,85,95,405
0313,Volbeat,Firefly Pokémon,Bug,Nor,0.7 m (2′04″),17.7 kg (39.0 lbs),65,73,75,47,85,85,430
0314,Illumise,Firefly Pokémon,Bug,Nor,0.6 m (2′00″),17.7 kg (39.0 lbs),65,47,75,73,85,85,430
0315,Roselia,Thorn Pokémon,Grass,Poison,0.3 m (1′00″),2.0 kg (4.4 lbs),50,60,45,100,80,65,400
0316,Gulpin,Stomach Pokémon,Poison,Nor,0.4 m (1′04″),10.3 kg (22.7 lbs),70,43,53,43,53,40,302
0317,Swalot,Poison Bag Pokémon,Poison,Nor,1.7 m (5′07″),80.0 kg (176.4 lbs),100,73,83,73,83,55,467
0318,Carvanha,Savage Pokémon,Water,Dark,0.8 m (2′07″),20.8 kg (45.9 lbs),45,90,20,65,20,65,305
0319,Sharpedo,Brutal Pokémon,Water,Dark,1.8 m (5′11″),88.8 kg (195.8 lbs),70,120,40,95,40,95,460
0320,Wailmer,Ball Whale Pokémon,Water,Nor,2.0 m (6′07″),130.0 kg (286.6 lbs),130,70,35,70,35,60,400
0321,Wailord,Float Whale Pokémon,Water,Nor,14.5 m (47′07″),398.0 kg (877.4 lbs),170,90,45,90,45,60,500
0322,Numel,Numb Pokémon,Fire,Ground,0.7 m (2′04″),24.0 kg (52.9 lbs),60,60,40,65,45,35,305
0323,Camerupt,Eruption Pokémon,Fire,Ground,1.9 m (6′03″),220.0 kg (485.0 lbs),70,100,70,105,75,40,460
0324,Torkoal,Coal Pokémon,Fire,Nor,0.5 m (1′08″),80.4 kg (177.3 lbs),70,85,140,85,70,20,470
0325,Spoink,Bounce Pokémon,Psychic,Nor,0.7 m (2′04″),30.6 kg (67.5 lbs),60,25,35,70,80,60,330
0326,Grumpig,Manipulate Pokémon,Psychic,Nor,0.9 m (2′11″),71.5 kg (157.6 lbs),80,45,65,90,110,80,470
0327,Spinda,Spot Panda Pokémon,Normal,Nor,1.1 m (3′07″),5.0 kg (11.0 lbs),60,60,60,60,60,60,360
0328,Trapinch,Ant Pit Pokémon,Ground,Nor,0.7 m (2′04″),15.0 kg (33.1 lbs),45,100,45,45,45,10,290
0329,Vibrava,Vibration Pokémon,Ground,Dragon,1.1 m (3′07″),15.3 kg (33.7 lbs),50,70,50,50,50,70,340
0330,Flygon,Mystic Pokémon,Ground,Dragon,2.0 m (6′07″),82.0 kg (180.8 lbs),80,100,80,80,80,100,520
0331,Cacnea,Cactus Pokémon,Grass,Nor,0.4 m (1′04″),51.3 kg (113.1 lbs),50,85,40,85,40,35,335
0332,Cacturne,Scarecrow Pokémon,Grass,Dark,1.3 m (4′03″),77.4 kg (170.6 lbs),70,115,60,115,60,55,475
0333,Swablu,Cotton Bird Pokémon,Normal,Flying,0.4 m (1′04″),1.2 kg (2.6 lbs),45,40,60,40,75,50,310
0334,Altaria,Humming Pokémon,Dragon,Flying,1.1 m (3′07″),20.6 kg (45.4 lbs),75,70,90,70,105,80,490
0335,Zangoose,Cat Ferret Pokémon,Normal,Nor,1.3 m (4′03″),40.3 kg (88.8 lbs),73,115,60,60,60,90,458
0336,Seviper,Fang Snake Pokémon,Poison,Nor,2.7 m (8′10″),52.5 kg (115.7 lbs),73,100,60,100,60,65,458
0337,Lunatone,Meteorite Pokémon,Rock,Psychic,1.0 m (3′03″),168.0 kg (370.4 lbs),90,55,65,95,85,70,460
0338,Solrock,Meteorite Pokémon,Rock,Psychic,1.2 m (3′11″),154.0 kg (339.5 lbs),90,95,85,55,65,70,460
0339,Barboach,Whiskers Pokémon,Water,Ground,0.4 m (1′04″),1.9 kg (4.2 lbs),50,48,43,46,41,60,288
0340,Whiscash,Whiskers Pokémon,Water,Ground,0.9 m (2′11″),23.6 kg (52.0 lbs),110,78,73,76,71,60,468
0341,Corphish,Ruffian Pokémon,Water,Nor,0.6 m (2′00″),11.5 kg (25.4 lbs),43,80,65,50,35,35,308
0342,Crawdaunt,Rogue Pokémon,Water,Dark,1.1 m (3′07″),32.8 kg (72.3 lbs),63,120,85,90,55,55,468
0343,Baltoy,Clay Doll Pokémon,Ground,Psychic,0.5 m (1′08″),21.5 kg (47.4 lbs),40,40,55,40,70,55,300
0344,Claydol,Clay Doll Pokémon,Ground,Psychic,1.5 m (4′11″),108.0 kg (238.1 lbs),60,70,105,70,120,75,500
0345,Lileep,Sea Lily Pokémon,Rock,Grass,1.0 m (3′03″),23.8 kg (52.5 lbs),66,41,77,61,87,23,355
0346,Cradily,Barnacle Pokémon,Rock,Grass,1.5 m (4′11″),60.4 kg (133.2 lbs),86,81,97,81,107,43,495
0347,Anorith,Old Shrimp Pokémon,Rock,Bug,0.7 m (2′04″),12.5 kg (27.6 lbs),45,95,50,40,50,75,355
0348,Armaldo,Plate Pokémon,Rock,Bug,1.5 m (4′11″),68.2 kg (150.4 lbs),75,125,100,70,80,45,495
0349,Feebas,Fish Pokémon,Water,Nor,0.6 m (2′00″),7.4 kg (16.3 lbs),20,15,20,10,55,80,200
0350,Milotic,Tender Pokémon,Water,Nor,6.2 m (20′04″),162.0 kg (357.1 lbs),95,60,79,100,125,81,540
0351,Castform,Weather Pokémon,Normal,Nor,0.3 m (1′00″),0.8 kg (1.8 lbs),70,70,70,70,70,70,420
0352,Kecleon,Color Swap Pokémon,Normal,Nor,1.0 m (3′03″),22.0 kg (48.5 lbs),60,90,70,60,120,40,440
0353,Shuppet,Puppet Pokémon,Ghost,Nor,0.6 m (2′00″),2.3 kg (5.1 lbs),44,75,35,63,33,45,295
0354,Banette,Marionette Pokémon,Ghost,Nor,1.1 m (3′07″),12.5 kg (27.6 lbs),64,115,65,83,63,65,455
0355,Duskull,Requiem Pokémon,Ghost,Nor,0.8 m (2′07″),15.0 kg (33.1 lbs),20,40,90,30,90,25,295
0356,Dusclops,Beckon Pokémon,Ghost,Nor,1.6 m (5′03″),30.6 kg (67.5 lbs),40,70,130,60,130,25,455
0357,Tropius,Fruit Pokémon,Grass,Flying,2.0 m (6′07″),100.0 kg (220.5 lbs),99,68,83,72,87,51,460
0358,Chimecho,Wind Chime Pokémon,Psychic,Nor,0.6 m (2′00″),1.0 kg (2.2 lbs),75,50,80,95,90,65,455
0359,Absol,Disaster Pokémon,Dark,Nor,1.2 m (3′11″),47.0 kg (103.6 lbs),65,130,60,75,60,75,465
0360,Wynaut,Bright Pokémon,Psychic,Nor,0.6 m (2′00″),14.0 kg (30.9 lbs),95,23,48,23,48,23,260
0361,Snorunt,Snow Hat Pokémon,Ice,Nor,0.7 m (2′04″),16.8 kg (37.0 lbs),50,50,50,50,50,50,300
0362,Glalie,Face Pokémon,Ice,Nor,1.5 m (4′11″),256.5 kg (565.5 lbs),80,80,80,80,80,80,480
0363,Spheal,Clap Pokémon,Ice,Water,0.8 m (2′07″),39.5 kg (87.1 lbs),70,40,50,55,50,25,290
0364,Sealeo,Ball Roll Pokémon,Ice,Water,1.1 m (3′07″),87.6 kg (193.1 lbs),90,60,70,75,70,45,410
0365,Walrein,Ice Break Pokémon,Ice,Water,1.4 m (4′07″),150.6 kg (332.0 lbs),110,80,90,95,90,65,530
0366,Clamperl,Bivalve Pokémon,Water,Nor,0.4 m (1′04″),52.5 kg (115.7 lbs),35,64,85,74,55,32,345
0367,Huntail,Deep Sea Pokémon,Water,Nor,1.7 m (5′07″),27.0 kg (59.5 lbs),55,104,105,94,75,52,485
0368,Gorebyss,South Sea Pokémon,Water,Nor,1.8 m (5′11″),22.6 kg (49.8 lbs),55,84,105,114,75,52,485
0369,Relicanth,Longevity Pokémon,Water,Rock,1.0 m (3′03″),23.4 kg (51.6 lbs),100,90,130,45,65,55,485
0370,Luvdisc,Rendezvous Pokémon,Water,Nor,0.6 m (2′00″),8.7 kg (19.2 lbs),43,30,55,40,65,97,330
0371,Bagon,Rock Head Pokémon,Dragon,Nor,0.6 m (2′00″),42.1 kg (92.8 lbs),45,75,60,40,30,50,300
0372,Shelgon,Endurance Pokémon,Dragon,Nor,1.1 m (3′07″),110.5 kg (243.6 lbs),65,95,100,60,50,50,420
0373,Salamence,Dragon Pokémon,Dragon,Flying,1.5 m (4′11″),102.6 kg (226.2 lbs),95,135,80,110,80,100,600
0374,Beldum,Iron Ball Pokémon,Steel,Psychic,0.6 m (2′00″),95.2 kg (209.9 lbs),40,55,80,35,60,30,300
0375,Metang,Iron Claw Pokémon,Steel,Psychic,1.2 m (3′11″),202.5 kg (446.4 lbs),60,75,100,55,80,50,420
0376,Metagross,Iron Leg Pokémon,Steel,Psychic,1.6 m (5′03″),550.0 kg (1212.5 lbs),80,135,130,95,90,70,600
0377,Regirock,Rock Peak Pokémon,Rock,Nor,1.7 m (5′07″),230.0 kg (507.1 lbs),80,100,200,50,100,50,580
0378,Regice,Iceberg Pokémon,Ice,Nor,1.8 m (5′11″),175.0 kg (385.8 lbs),80,50,100,100,200,50,580
0379,Registeel,Iron Pokémon,Steel,Nor,1.9 m (6′03″),205.0 kg (451.9 lbs),80,75,150,75,150,50,580
0380,Latias,Eon Pokémon,Dragon,Psychic,1.4 m (4′07″),40.0 kg (88.2 lbs),80,80,90,110,130,110,600
0381,Latios,Eon Pokémon,Dragon,Psychic,2.0 m (6′07″),60.0 kg (132.3 lbs),80,90,80,130,110,110,600
0382,Kyogre,Sea Basin Pokémon,Water,Nor,4.5 m (14′09″),352.0 kg (776.0 lbs),100,100,90,150,140,90,670
0383,Groudon,Continent Pokémon,Ground,Nor,3.5 m (11′06″),950.0 kg (2094.4 lbs),100,150,140,100,90,90,670
0384,Rayquaza,Sky High Pokémon,Dragon,Flying,7.0 m (23′00″),206.5 kg (455.3 lbs),105,150,90,150,90,95,680
0385,Jirachi,Wish Pokémon,Steel,Psychic,0.3 m (1′00″),1.1 kg (2.4 lbs),100,100,100,100,100,100,600
0386,Deoxys,DNA Pokémon,Psychic,Nor,1.7 m (5′07″),60.8 kg (134.0 lbs),50,150,50,150,50,150,600
0387,Turtwig,Tiny Leaf Pokémon,Grass,Nor,0.4 m (1′04″),10.2 kg (22.5 lbs),55,68,64,45,55,31,318
0388,Grotle,Grove Pokémon,Grass,Nor,1.1 m (3′07″),97.0 kg (213.8 lbs),75,89,85,55,65,36,405
0389,Torterra,Continent Pokémon,Grass,Ground,2.2 m (7′03″),310.0 kg (683.4 lbs),95,109,105,75,85,56,525
0390,Chimchar,Chimp Pokémon,Fire,Nor,0.5 m (1′08″),6.2 kg (13.7 lbs),44,58,44,58,44,61,309
0391,Monferno,Playful Pokémon,Fire,Fighting,0.9 m (2′11″),22.0 kg (48.5 lbs),64,78,52,78,52,81,405
0392,Infernape,Flame Pokémon,Fire,Fighting,1.2 m (3′11″),55.0 kg (121.3 lbs),76,104,71,104,71,108,534
0393,Piplup,Penguin Pokémon,Water,Nor,0.4 m (1′04″),5.2 kg (11.5 lbs),53,51,53,61,56,40,314
0394,Prinplup,Penguin Pokémon,Water,Nor,0.8 m (2′07″),23.0 kg (50.7 lbs),64,66,68,81,76,50,405
0395,Empoleon,Emperor Pokémon,Water,Steel,1.7 m (5′07″),84.5 kg (186.3 lbs),84,86,88,111,101,60,530
0396,Starly,Starling Pokémon,Normal,Flying,0.3 m (1′00″),2.0 kg (4.4 lbs),40,55,30,30,30,60,245
0397,Staravia,Starling Pokémon,Normal,Flying,0.6 m (2′00″),15.5 kg (34.2 lbs),55,75,50,40,40,80,340
0398,Staraptor,Predator Pokémon,Normal,Flying,1.2 m (3′11″),24.9 kg (54.9 lbs),85,120,70,50,60,100,485
0399,Bidoof,Plump Mouse Pokémon,Normal,Nor,0.5 m (1′08″),20.0 kg (44.1 lbs),59,45,40,35,40,31,250
0400,Bibarel,Beaver Pokémon,Normal,Water,1.0 m (3′03″),31.5 kg (69.4 lbs),79,85,60,55,60,71,410
0401,Kricketot,Cricket Pokémon,Bug,Nor,0.3 m (1′00″),2.2 kg (4.9 lbs),37,25,41,25,41,25,194
0402,Kricketune,Cricket Pokémon,Bug,Nor,1.0 m (3′03″),25.5 kg (56.2 lbs),77,85,51,55,51,65,384
0403,Shinx,Flash Pokémon,Electric,Nor,0.5 m (1′08″),9.5 kg (20.9 lbs),45,65,34,40,34,45,263
0404,Luxio,Spark Pokémon,Electric,Nor,0.9 m (2′11″),30.5 kg (67.2 lbs),60,85,49,60,49,60,363
0405,Luxray,Gleam Eyes Pokémon,Electric,Nor,1.4 m (4′07″),42.0 kg (92.6 lbs),80,120,79,95,79,70,523
0406,Budew,Bud Pokémon,Grass,Poison,0.2 m (0′08″),1.2 kg (2.6 lbs),40,30,35,50,70,55,280
0407,Roserade,Bouquet Pokémon,Grass,Poison,0.9 m (2′11″),14.5 kg (32.0 lbs),60,70,65,125,105,90,515
0408,Cranidos,Head Butt Pokémon,Rock,Nor,0.9 m (2′11″),31.5 kg (69.4 lbs),67,125,40,30,30,58,350
0409,Rampardos,Head Butt Pokémon,Rock,Nor,1.6 m (5′03″),102.5 kg (226.0 lbs),97,165,60,65,50,58,495
0410,Shieldon,Shield Pokémon,Rock,Steel,0.5 m (1′08″),57.0 kg (125.7 lbs),30,42,118,42,88,30,350
0411,Bastiodon,Shield Pokémon,Rock,Steel,1.3 m (4′03″),149.5 kg (329.6 lbs),60,52,168,47,138,30,495
0412,Burmy,Bagworm Pokémon,Bug,Nor,0.2 m (0′08″),3.4 kg (7.5 lbs),40,29,45,29,45,36,224
0413,Wormadam,Bagworm Pokémon,Bug,Grass,0.5 m (1′08″),6.5 kg (14.3 lbs),60,59,85,79,105,36,424
0414,Mothim,Moth Pokémon,Bug,Flying,0.9 m (2′11″),23.3 kg (51.4 lbs),70,94,50,94,50,66,424
0415,Combee,Tiny Bee Pokémon,Bug,Flying,0.3 m (1′00″),5.5 kg (12.1 lbs),30,30,42,30,42,70,244
0416,Vespiquen,Beehive Pokémon,Bug,Flying,1.2 m (3′11″),38.5 kg (84.9 lbs),70,80,102,80,102,40,474
0417,Pachirisu,EleSquirrel Pokémon,Electric,Nor,0.4 m (1′04″),3.9 kg (8.6 lbs),60,45,70,45,90,95,405
0418,Buizel,Sea Weasel Pokémon,Water,Nor,0.7 m (2′04″),29.5 kg (65.0 lbs),55,65,35,60,30,85,330
0419,Floatzel,Sea Weasel Pokémon,Water,Nor,1.1 m (3′07″),33.5 kg (73.9 lbs),85,105,55,85,50,115,495
0420,Cherubi,Cherry Pokémon,Grass,Nor,0.4 m (1′04″),3.3 kg (7.3 lbs),45,35,45,62,53,35,275
0421,Cherrim,Blossom Pokémon,Grass,Nor,0.5 m (1′08″),9.3 kg (20.5 lbs),70,60,70,87,78,85,450
0422,Shellos,Sea Slug Pokémon,Water,Nor,0.3 m (1′00″),6.3 kg (13.9 lbs),76,48,48,57,62,34,325
0423,Gastrodon,Sea Slug Pokémon,Water,Ground,0.9 m (2′11″),29.9 kg (65.9 lbs),111,83,68,92,82,39,475
0424,Ambipom,Long Tail Pokémon,Normal,Nor,1.2 m (3′11″),20.3 kg (44.8 lbs),75,100,66,60,66,115,482
0425,Drifloon,Balloon Pokémon,Ghost,Flying,0.4 m (1′04″),1.2 kg (2.6 lbs),90,50,34,60,44,70,348
0426,Drifblim,Blimp Pokémon,Ghost,Flying,1.2 m (3′11″),15.0 kg (33.1 lbs),150,80,44,90,54,80,498
0427,Buneary,Rabbit Pokémon,Normal,Nor,0.4 m (1′04″),5.5 kg (12.1 lbs),55,66,44,44,56,85,350
0428,Lopunny,Rabbit Pokémon,Normal,Nor,1.2 m (3′11″),33.3 kg (73.4 lbs),65,76,84,54,96,105,480
0429,Mismagius,Magical Pokémon,Ghost,Nor,0.9 m (2′11″),4.4 kg (9.7 lbs),60,60,60,105,105,105,495
0430,Honchkrow,Big Boss Pokémon,Dark,Flying,0.9 m (2′11″),27.3 kg (60.2 lbs),100,125,52,105,52,71,505
0431,Glameow,Catty Pokémon,Normal,Nor,0.5 m (1′08″),3.9 kg (8.6 lbs),49,55,42,42,37,85,310
0432,Purugly,Tiger Cat Pokémon,Normal,Nor,1.0 m (3′03″),43.8 kg (96.6 lbs),71,82,64,64,59,112,452
0433,Chingling,Bell Pokémon,Psychic,Nor,0.2 m (0′08″),0.6 kg (1.3 lbs),45,30,50,65,50,45,285
0434,Stunky,Skunk Pokémon,Poison,Dark,0.4 m (1′04″),19.2 kg (42.3 lbs),63,63,47,41,41,74,329
0435,Skuntank,Skunk Pokémon,Poison,Dark,1.0 m (3′03″),38.0 kg (83.8 lbs),103,93,67,71,61,84,479
0436,Bronzor,Bronze Pokémon,Steel,Psychic,0.5 m (1′08″),60.5 kg (133.4 lbs),57,24,86,24,86,23,300
0437,Bronzong,Bronze Bell Pokémon,Steel,Psychic,1.3 m (4′03″),187.0 kg (412.3 lbs),67,89,116,79,116,33,500
0438,Bonsly,Bonsai Pokémon,Rock,Nor,0.5 m (1′08″),15.0 kg (33.1 lbs),50,80,95,10,45,10,290
0439,Mime Jr.,Mime Pokémon,Psychic,Fairy,0.6 m (2′00″),13.0 kg (28.7 lbs),20,25,45,70,90,60,310
0440,Happiny,Playhouse Pokémon,Normal,Nor,0.6 m (2′00″),24.4 kg (53.8 lbs),100,5,5,15,65,30,220
0441,Chatot,Music Note Pokémon,Normal,Flying,0.5 m (1′08″),1.9 kg (4.2 lbs),76,65,45,92,42,91,411
0442,Spiritomb,Forbidden Pokémon,Ghost,Dark,1.0 m (3′03″),108.0 kg (238.1 lbs),50,92,108,92,108,35,485
0443,Gible,Land Shark Pokémon,Dragon,Ground,0.7 m (2′04″),20.5 kg (45.2 lbs),58,70,45,40,45,42,300
0444,Gabite,Cave Pokémon,Dragon,Ground,1.4 m (4′07″),56.0 kg (123.5 lbs),68,90,65,50,55,82,410
0445,Garchomp,Mach Pokémon,Dragon,Ground,1.9 m (6′03″),95.0 kg (209.4 lbs),108,130,95,80,85,102,600
0446,Munchlax,Big Eater Pokémon,Normal,Nor,0.6 m (2′00″),105.0 kg (231.5 lbs),135,85,40,40,85,5,390
0447,Riolu,Emanation Pokémon,Fighting,Nor,0.7 m (2′04″),20.2 kg (44.5 lbs),40,70,40,35,40,60,285
0448,Lucario,Aura Pokémon,Fighting,Steel,1.2 m (3′11″),54.0 kg (119.0 lbs),70,110,70,115,70,90,525
0449,Hippopotas,Hippo Pokémon,Ground,Nor,0.8 m (2′07″),49.5 kg (109.1 lbs),68,72,78,38,42,32,330
0450,Hippowdon,Heavyweight Pokémon,Ground,Nor,2.0 m (6′07″),300.0 kg (661.4 lbs),108,112,118,68,72,47,525
0451,Skorupi,Scorpion Pokémon,Poison,Bug,0.8 m (2′07″),12.0 kg (26.5 lbs),40,50,90,30,55,65,330
0452,Drapion,Ogre Scorp Pokémon,Poison,Dark,1.3 m (4′03″),61.5 kg (135.6 lbs),70,90,110,60,75,95,500
0453,Croagunk,Toxic Mouth Pokémon,Poison,Fighting,0.7 m (2′04″),23.0 kg (50.7 lbs),48,61,40,61,40,50,300
0454,Toxicroak,Toxic Mouth Pokémon,Poison,Fighting,1.3 m (4′03″),44.4 kg (97.9 lbs),83,106,65,86,65,85,490
0455,Carnivine,Bug Catcher Pokémon,Grass,Nor,1.4 m (4′07″),27.0 kg (59.5 lbs),74,100,72,90,72,46,454
0456,Finneon,Wing Fish Pokémon,Water,Nor,0.4 m (1′04″),7.0 kg (15.4 lbs),49,49,56,49,61,66,330
0457,Lumineon,Neon Pokémon,Water,Nor,1.2 m (3′11″),24.0 kg (52.9 lbs),69,69,76,69,86,91,460
0458,Mantyke,Kite Pokémon,Water,Flying,1.0 m (3′03″),65.0 kg (143.3 lbs),45,20,50,60,120,50,345
0459,Snover,Frost Tree Pokémon,Grass,Ice,1.0 m (3′03″),50.5 kg (111.3 lbs),60,62,50,62,60,40,334
0460,Abomasnow,Frost Tree Pokémon,Grass,Ice,2.2 m (7′03″),135.5 kg (298.7 lbs),90,92,75,92,85,60,494
0461,Weavile,Sharp Claw Pokémon,Dark,Ice,1.1 m (3′07″),34.0 kg (75.0 lbs),70,120,65,45,85,125,510
0462,Magnezone,Magnet Area Pokémon,Electric,Steel,1.2 m (3′11″),180.0 kg (396.8 lbs),70,70,115,130,90,60,535
0463,Lickilicky,Licking Pokémon,Normal,Nor,1.7 m (5′07″),140.0 kg (308.6 lbs),110,85,95,80,95,50,515
0464,Rhyperior,Drill Pokémon,Ground,Rock,2.4 m (7′10″),282.8 kg (623.5 lbs),115,140,130,55,55,40,535
0465,Tangrowth,Vine Pokémon,Grass,Nor,2.0 m (6′07″),128.6 kg (283.5 lbs),100,100,125,110,50,50,535
0466,Electivire,Thunderbolt Pokémon,Electric,Nor,1.8 m (5′11″),138.6 kg (305.6 lbs),75,123,67,95,85,95,540
0467,Magmortar,Blast Pokémon,Fire,Nor,1.6 m (5′03″),68.0 kg (149.9 lbs),75,95,67,125,95,83,540
0468,Togekiss,Jubilee Pokémon,Fairy,Flying,1.5 m (4′11″),38.0 kg (83.8 lbs),85,50,95,120,115,80,545
0469,Yanmega,Ogre Darner Pokémon,Bug,Flying,1.9 m (6′03″),51.5 kg (113.5 lbs),86,76,86,116,56,95,515
0470,Leafeon,Verdant Pokémon,Grass,Nor,1.0 m (3′03″),25.5 kg (56.2 lbs),65,110,130,60,65,95,525
0471,Glaceon,Fresh Snow Pokémon,Ice,Nor,0.8 m (2′07″),25.9 kg (57.1 lbs),65,60,110,130,95,65,525
0472,Gliscor,Fang Scorp Pokémon,Ground,Flying,2.0 m (6′07″),42.5 kg (93.7 lbs),75,95,125,45,75,95,510
0473,Mamoswine,Twin Tusk Pokémon,Ice,Ground,2.5 m (8′02″),291.0 kg (641.5 lbs),110,130,80,70,60,80,530
0474,Porygon-Z,Virtual Pokémon,Normal,Nor,0.9 m (2′11″),34.0 kg (75.0 lbs),85,80,70,135,75,90,535
0475,Gallade,Blade Pokémon,Psychic,Fighting,1.6 m (5′03″),52.0 kg (114.6 lbs),68,125,65,65,115,80,518
0476,Probopass,Compass Pokémon,Rock,Steel,1.4 m (4′07″),340.0 kg (749.6 lbs),60,55,145,75,150,40,525
0477,Dusknoir,Gripper Pokémon,Ghost,Nor,2.2 m (7′03″),106.6 kg (235.0 lbs),45,100,135,65,135,45,525
0478,Froslass,Snow Land Pokémon,Ice,Ghost,1.3 m (4′03″),26.6 kg (58.6 lbs),70,80,70,80,70,110,480
0479,Rotom,Plasma Pokémon,Electric,Ghost,0.3 m (1′00″),0.3 kg (0.7 lbs),50,50,77,95,77,91,440
0480,Uxie,Knowledge Pokémon,Psychic,Nor,0.3 m (1′00″),0.3 kg (0.7 lbs),75,75,130,75,130,95,580
0481,Mesprit,Emotion Pokémon,Psychic,Nor,0.3 m (1′00″),0.3 kg (0.7 lbs),80,105,105,105,105,80,580
0482,Azelf,Willpower Pokémon,Psychic,Nor,0.3 m (1′00″),0.3 kg (0.7 lbs),75,125,70,125,70,115,580
0483,Dialga,Temporal Pokémon,Steel,Dragon,5.4 m (17′09″),683.0 kg (1505.8 lbs),100,120,120,150,100,90,680
0484,Palkia,Spatial Pokémon,Water,Dragon,4.2 m (13′09″),336.0 kg (740.8 lbs),90,120,100,150,120,100,680
0485,Heatran,Lava Dome Pokémon,Fire,Steel,1.7 m (5′07″),430.0 kg (948.0 lbs),91,90,106,130,106,77,600
0486,Regigigas,Colossal Pokémon,Normal,Nor,3.7 m (12′02″),420.0 kg (925.9 lbs),110,160,110,80,110,100,670
0487,Giratina,Renegade Pokémon,Ghost,Dragon,4.5 m (14′09″),750.0 kg (1653.5 lbs),150,100,120,100,120,90,680
0488,Cresselia,Lunar Pokémon,Psychic,Nor,1.5 m (4′11″),85.6 kg (188.7 lbs),120,70,110,75,120,85,580
0489,Phione,Sea Drifter Pokémon,Water,Nor,0.4 m (1′04″),3.1 kg (6.8 lbs),80,80,80,80,80,80,480
0490,Manaphy,Seafaring Pokémon,Water,Nor,0.3 m (1′00″),1.4 kg (3.1 lbs),100,100,100,100,100,100,600
0491,Darkrai,Pitch-Black Pokémon,Dark,Nor,1.5 m (4′11″),50.5 kg (111.3 lbs),70,90,90,135,90,125,600
0492,Shaymin,Gratitude Pokémon,Grass,Nor,0.2 m (0′08″),2.1 kg (4.6 lbs),100,100,100,100,100,100,600
0493,Arceus,Alpha Pokémon,Normal,Nor,3.2 m (10′06″),320.0 kg (705.5 lbs),120,120,120,120,120,120,720
0494,Victini,Victory Pokémon,Psychic,Fire,0.4 m (1′04″),4.0 kg (8.8 lbs),100,100,100,100,100,100,600
0495,Snivy,Grass Snake Pokémon,Grass,Nor,0.6 m (2′00″),8.1 kg (17.9 lbs),45,45,55,45,55,63,308
0496,Servine,Grass Snake Pokémon,Grass,Nor,0.8 m (2′07″),16.0 kg (35.3 lbs),60,60,75,60,75,83,413
0497,Serperior,Regal Pokémon,Grass,Nor,3.3 m (10′10″),63.0 kg (138.9 lbs),75,75,95,75,95,113,528
0498,Tepig,Fire Pig Pokémon,Fire,Nor,0.5 m (1′08″),9.9 kg (21.8 lbs),65,63,45,45,45,45,308
0499,Pignite,Fire Pig Pokémon,Fire,Fighting,1.0 m (3′03″),55.5 kg (122.4 lbs),90,93,55,70,55,55,418
0500,Emboar,Mega Fire Pig Pokémon,Fire,Fighting,1.6 m (5′03″),150.0 kg (330.7 lbs),110,123,65,100,65,65,528
0501,Oshawott,Sea Otter Pokémon,Water,Nor,0.5 m (1′08″),5.9 kg (13.0 lbs),55,55,45,63,45,45,308
0502,Dewott,Discipline Pokémon,Water,Nor,0.8 m (2′07″),24.5 kg (54.0 lbs),75,75,60,83,60,60,413
0503,Samurott,Formidable Pokémon,Water,Nor,1.5 m (4′11″),94.6 kg (208.6 lbs),95,100,85,108,70,70,528
0504,Patrat,Scout Pokémon,Normal,Nor,0.5 m (1′08″),11.6 kg (25.6 lbs),45,55,39,35,39,42,255
0505,Watchog,Lookout Pokémon,Normal,Nor,1.1 m (3′07″),27.0 kg (59.5 lbs),60,85,69,60,69,77,420
0506,Lillipup,Puppy Pokémon,Normal,Nor,0.4 m (1′04″),4.1 kg (9.0 lbs),45,60,45,25,45,55,275
0507,Herdier,Loyal Dog Pokémon,Normal,Nor,0.9 m (2′11″),14.7 kg (32.4 lbs),65,80,65,35,65,60,370
0508,Stoutland,Big-Hearted Pokémon,Normal,Nor,1.2 m (3′11″),61.0 kg (134.5 lbs),85,110,90,45,90,80,500
0509,Purrloin,Devious Pokémon,Dark,Nor,0.4 m (1′04″),10.1 kg (22.3 lbs),41,50,37,50,37,66,281
0510,Liepard,Cruel Pokémon,Dark,Nor,1.1 m (3′07″),37.5 kg (82.7 lbs),64,88,50,88,50,106,446
0511,Pansage,Grass Monkey Pokémon,Grass,Nor,0.6 m (2′00″),10.5 kg (23.1 lbs),50,53,48,53,48,64,316
0512,Simisage,Thorn Monkey Pokémon,Grass,Nor,1.1 m (3′07″),30.5 kg (67.2 lbs),75,98,63,98,63,101,498
0513,Pansear,High Temp Pokémon,Fire,Nor,0.6 m (2′00″),11.0 kg (24.3 lbs),50,53,48,53,48,64,316
0514,Simisear,Ember Pokémon,Fire,Nor,1.0 m (3′03″),28.0 kg (61.7 lbs),75,98,63,98,63,101,498
0515,Panpour,Spray Pokémon,Water,Nor,0.6 m (2′00″),13.5 kg (29.8 lbs),50,53,48,53,48,64,316
0516,Simipour,Geyser Pokémon,Water,Nor,1.0 m (3′03″),29.0 kg (63.9 lbs),75,98,63,98,63,101,498
0517,Munna,Dream Eater Pokémon,Psychic,Nor,0.6 m (2′00″),23.3 kg (51.4 lbs),76,25,45,67,55,24,292
0518,Musharna,Drowsing Pokémon,Psychic,Nor,1.1 m (3′07″),60.5 kg (133.4 lbs),116,55,85,107,95,29,487
0519,Pidove,Tiny Pigeon Pokémon,Normal,Flying,0.3 m (1′00″),2.1 kg (4.6 lbs),50,55,50,36,30,43,264
0520,Tranquill,Wild Pigeon Pokémon,Normal,Flying,0.6 m (2′00″),15.0 kg (33.1 lbs),62,77,62,50,42,65,358
0521,Unfezant,Proud Pokémon,Normal,Flying,1.2 m (3′11″),29.0 kg (63.9 lbs),80,115,80,65,55,93,488
0522,Blitzle,Electrified Pokémon,Electric,Nor,0.8 m (2′07″),29.8 kg (65.7 lbs),45,60,32,50,32,76,295
0523,Zebstrika,Thunderbolt Pokémon,Electric,Nor,1.6 m (5′03″),79.5 kg (175.3 lbs),75,100,63,80,63,116,497
0524,Roggenrola,Mantle Pokémon,Rock,Nor,0.4 m (1′04″),18.0 kg (39.7 lbs),55,75,85,25,25,15,280
0525,Boldore,Ore Pokémon,Rock,Nor,0.9 m (2′11″),102.0 kg (224.9 lbs),70,105,105,50,40,20,390
0526,Gigalith,Compressed Pokémon,Rock,Nor,1.7 m (5′07″),260.0 kg (573.2 lbs),85,135,130,60,80,25,515
0527,Woobat,Bat Pokémon,Psychic,Flying,0.4 m (1′04″),2.1 kg (4.6 lbs),65,45,43,55,43,72,323
0528,Swoobat,Courting Pokémon,Psychic,Flying,0.9 m (2′11″),10.5 kg (23.1 lbs),67,57,55,77,55,114,425
0529,Drilbur,Mole Pokémon,Ground,Nor,0.3 m (1′00″),8.5 kg (18.7 lbs),60,85,40,30,45,68,328
0530,Excadrill,Subterrene Pokémon,Ground,Steel,0.7 m (2′04″),40.4 kg (89.1 lbs),110,135,60,50,65,88,508
0531,Audino,Hearing Pokémon,Normal,Nor,1.1 m (3′07″),31.0 kg (68.3 lbs),103,60,86,60,86,50,445
0532,Timburr,Muscular Pokémon,Fighting,Nor,0.6 m (2′00″),12.5 kg (27.6 lbs),75,80,55,25,35,35,305
0533,Gurdurr,Muscular Pokémon,Fighting,Nor,1.2 m (3′11″),40.0 kg (88.2 lbs),85,105,85,40,50,40,405
0534,Conkeldurr,Muscular Pokémon,Fighting,Nor,1.4 m (4′07″),87.0 kg (191.8 lbs),105,140,95,55,65,45,505
0535,Tympole,Tadpole Pokémon,Water,Nor,0.5 m (1′08″),4.5 kg (9.9 lbs),50,50,40,50,40,64,294
0536,Palpitoad,Vibration Pokémon,Water,Ground,0.8 m (2′07″),17.0 kg (37.5 lbs),75,65,55,65,55,69,384
0537,Seismitoad,Vibration Pokémon,Water,Ground,1.5 m (4′11″),62.0 kg (136.7 lbs),105,95,75,85,75,74,509
0538,Throh,Judo Pokémon,Fighting,Nor,1.3 m (4′03″),55.5 kg (122.4 lbs),120,100,85,30,85,45,465
0539,Sawk,Karate Pokémon,Fighting,Nor,1.4 m (4′07″),51.0 kg (112.4 lbs),75,125,75,30,75,85,465
0540,Sewaddle,Sewing Pokémon,Bug,Grass,0.3 m (1′00″),2.5 kg (5.5 lbs),45,53,70,40,60,42,310
0541,Swadloon,Leaf-Wrapped Pokémon,Bug,Grass,0.5 m (1′08″),7.3 kg (16.1 lbs),55,63,90,50,80,42,380
0542,Leavanny,Nurturing Pokémon,Bug,Grass,1.2 m (3′11″),20.5 kg (45.2 lbs),75,103,80,70,80,92,500
0543,Venipede,Centipede Pokémon,Bug,Poison,0.4 m (1′04″),5.3 kg (11.7 lbs),30,45,59,30,39,57,260
0544,Whirlipede,Curlipede Pokémon,Bug,Poison,1.2 m (3′11″),58.5 kg (129.0 lbs),40,55,99,40,79,47,360
0545,Scolipede,Megapede Pokémon,Bug,Poison,2.5 m (8′02″),200.5 kg (442.0 lbs),60,100,89,55,69,112,485
0546,Cottonee,Cotton Puff Pokémon,Grass,Fairy,0.3 m (1′00″),0.6 kg (1.3 lbs),40,27,60,37,50,66,280
0547,Whimsicott,Windveiled Pokémon,Grass,Fairy,0.7 m (2′04″),6.6 kg (14.6 lbs),60,67,85,77,75,116,480
0548,Petilil,Bulb Pokémon,Grass,Nor,0.5 m (1′08″),6.6 kg (14.6 lbs),45,35,50,70,50,30,280
0549,Lilligant,Flowering Pokémon,Grass,Nor,1.1 m (3′07″),16.3 kg (35.9 lbs),70,60,75,110,75,90,480
0550,Basculin,Hostile Pokémon,Water,Nor,1.0 m (3′03″),18.0 kg (39.7 lbs),70,92,65,80,55,98,460
0551,Sandile,Desert Croc Pokémon,Ground,Dark,0.7 m (2′04″),15.2 kg (33.5 lbs),50,72,35,35,35,65,292
0552,Krokorok,Desert Croc Pokémon,Ground,Dark,1.0 m (3′03″),33.4 kg (73.6 lbs),60,82,45,45,45,74,351
0553,Krookodile,Intimidation Pokémon,Ground,Dark,1.5 m (4′11″),96.3 kg (212.3 lbs),95,117,80,65,70,92,519
0554,Darumaka,Zen Charm Pokémon,Fire,Nor,0.6 m (2′00″),37.5 kg (82.7 lbs),70,90,45,15,45,50,315
0555,Darmanitan,Blazing Pokémon,Fire,Nor,1.3 m (4′03″),92.9 kg (204.8 lbs),105,140,55,30,55,95,480
0556,Maractus,Cactus Pokémon,Grass,Nor,1.0 m (3′03″),28.0 kg (61.7 lbs),75,86,67,106,67,60,461
0557,Dwebble,Rock Inn Pokémon,Bug,Rock,0.3 m (1′00″),14.5 kg (32.0 lbs),50,65,85,35,35,55,325
0558,Crustle,Stone Home Pokémon,Bug,Rock,1.4 m (4′07″),200.0 kg (440.9 lbs),70,105,125,65,75,45,485
0559,Scraggy,Shedding Pokémon,Dark,Fighting,0.6 m (2′00″),11.8 kg (26.0 lbs),50,75,70,35,70,48,348
0560,Scrafty,Hoodlum Pokémon,Dark,Fighting,1.1 m (3′07″),30.0 kg (66.1 lbs),65,90,115,45,115,58,488
0561,Sigilyph,Avianoid Pokémon,Psychic,Flying,1.4 m (4′07″),14.0 kg (30.9 lbs),72,58,80,103,80,97,490
0562,Yamask,Spirit Pokémon,Ghost,Nor,0.5 m (1′08″),1.5 kg (3.3 lbs),38,30,85,55,65,30,303
0563,Cofagrigus,Coffin Pokémon,Ghost,Nor,1.7 m (5′07″),76.5 kg (168.7 lbs),58,50,145,95,105,30,483
0564,Tirtouga,Prototurtle Pokémon,Water,Rock,0.7 m (2′04″),16.5 kg (36.4 lbs),54,78,103,53,45,22,355
0565,Carracosta,Prototurtle Pokémon,Water,Rock,1.2 m (3′11″),81.0 kg (178.6 lbs),74,108,133,83,65,32,495
0566,Archen,First Bird Pokémon,Rock,Flying,0.5 m (1′08″),9.5 kg (20.9 lbs),55,112,45,74,45,70,401
0567,Archeops,First Bird Pokémon,Rock,Flying,1.4 m (4′07″),32.0 kg (70.5 lbs),75,140,65,112,65,110,567
0568,Trubbish,Trash Bag Pokémon,Poison,Nor,0.6 m (2′00″),31.0 kg (68.3 lbs),50,50,62,40,62,65,329
0569,Garbodor,Trash Heap Pokémon,Poison,Nor,1.9 m (6′03″),107.3 kg (236.6 lbs),80,95,82,60,82,75,474
0570,Zorua,Tricky Fox Pokémon,Dark,Nor,0.7 m (2′04″),12.5 kg (27.6 lbs),40,65,40,80,40,65,330
0571,Zoroark,Illusion Fox Pokémon,Dark,Nor,1.6 m (5′03″),81.1 kg (178.8 lbs),60,105,60,120,60,105,510
0572,Minccino,Chinchilla Pokémon,Normal,Nor,0.4 m (1′04″),5.8 kg (12.8 lbs),55,50,40,40,40,75,300
0573,Cinccino,Scarf Pokémon,Normal,Nor,0.5 m (1′08″),7.5 kg (16.5 lbs),75,95,60,65,60,115,470
0574,Gothita,Fixation Pokémon,Psychic,Nor,0.4 m (1′04″),5.8 kg (12.8 lbs),45,30,50,55,65,45,290
0575,Gothorita,Manipulate Pokémon,Psychic,Nor,0.7 m (2′04″),18.0 kg (39.7 lbs),60,45,70,75,85,55,390
0576,Gothitelle,Astral Body Pokémon,Psychic,Nor,1.5 m (4′11″),44.0 kg (97.0 lbs),70,55,95,95,110,65,490
0577,Solosis,Cell Pokémon,Psychic,Nor,0.3 m (1′00″),1.0 kg (2.2 lbs),45,30,40,105,50,20,290
0578,Duosion,Mitosis Pokémon,Psychic,Nor,0.6 m (2′00″),8.0 kg (17.6 lbs),65,40,50,125,60,30,370
0579,Reuniclus,Multiplying Pokémon,Psychic,Nor,1.0 m (3′03″),20.1 kg (44.3 lbs),110,65,75,125,85,30,490
0580,Ducklett,Water Bird Pokémon,Water,Flying,0.5 m (1′08″),5.5 kg (12.1 lbs),62,44,50,44,50,55,305
0581,Swanna,White Bird Pokémon,Water,Flying,1.3 m (4′03″),24.2 kg (53.4 lbs),75,87,63,87,63,98,473
0582,Vanillite,Fresh Snow Pokémon,Ice,Nor,0.4 m (1′04″),5.7 kg (12.6 lbs),36,50,50,65,60,44,305
0583,Vanillish,Icy Snow Pokémon,Ice,Nor,1.1 m (3′07″),41.0 kg (90.4 lbs),51,65,65,80,75,59,395
0584,Vanilluxe,Snowstorm Pokémon,Ice,Nor,1.3 m (4′03″),57.5 kg (126.8 lbs),71,95,85,110,95,79,535
0585,Deerling,Season Pokémon,Normal,Grass,0.6 m (2′00″),19.5 kg (43.0 lbs),60,60,50,40,50,75,335
0586,Sawsbuck,Season Pokémon,Normal,Grass,1.9 m (6′03″),92.5 kg (203.9 lbs),80,100,70,60,70,95,475
0587,Emolga,Sky Squirrel Pokémon,Electric,Flying,0.4 m (1′04″),5.0 kg (11.0 lbs),55,75,60,75,60,103,428
0588,Karrablast,Clamping Pokémon,Bug,Nor,0.5 m (1′08″),5.9 kg (13.0 lbs),50,75,45,40,45,60,315
0589,Escavalier,Cavalry Pokémon,Bug,Steel,1.0 m (3′03″),33.0 kg (72.8 lbs),70,135,105,60,105,20,495
0590,Foongus,Mushroom Pokémon,Grass,Poison,0.2 m (0′08″),1.0 kg (2.2 lbs),69,55,45,55,55,15,294
0591,Amoonguss,Mushroom Pokémon,Grass,Poison,0.6 m (2′00″),10.5 kg (23.1 lbs),114,85,70,85,80,30,464
0592,Frillish,Floating Pokémon,Water,Ghost,1.2 m (3′11″),33.0 kg (72.8 lbs),55,40,50,65,85,40,335
0593,Jellicent,Floating Pokémon,Water,Ghost,2.2 m (7′03″),135.0 kg (297.6 lbs),100,60,70,85,105,60,480
0594,Alomomola,Caring Pokémon,Water,Nor,1.2 m (3′11″),31.6 kg (69.7 lbs),165,75,80,40,45,65,470
0595,Joltik,Attaching Pokémon,Bug,Electric,0.1 m (0′04″),0.6 kg (1.3 lbs),50,47,50,57,50,65,319
0596,Galvantula,EleSpider Pokémon,Bug,Electric,0.8 m (2′07″),14.3 kg (31.5 lbs),70,77,60,97,60,108,472
0597,Ferroseed,Thorn Seed Pokémon,Grass,Steel,0.6 m (2′00″),18.8 kg (41.4 lbs),44,50,91,24,86,10,305
0598,Ferrothorn,Thorn Pod Pokémon,Grass,Steel,1.0 m (3′03″),110.0 kg (242.5 lbs),74,94,131,54,116,20,489
0599,Klink,Gear Pokémon,Steel,Nor,0.3 m (1′00″),21.0 kg (46.3 lbs),40,55,70,45,60,30,300
0600,Klang,Gear Pokémon,Steel,Nor,0.6 m (2′00″),51.0 kg (112.4 lbs),60,80,95,70,85,50,440
0601,Klinklang,Gear Pokémon,Steel,Nor,0.6 m (2′00″),81.0 kg (178.6 lbs),60,100,115,70,85,90,520
0602,Tynamo,EleFish Pokémon,Electric,Nor,0.2 m (0′08″),0.3 kg (0.7 lbs),35,55,40,45,40,60,275
0603,Eelektrik,EleFish Pokémon,Electric,Nor,1.2 m (3′11″),22.0 kg (48.5 lbs),65,85,70,75,70,40,405
0604,Eelektross,EleFish Pokémon,Electric,Nor,2.1 m (6′11″),80.5 kg (177.5 lbs),85,115,80,105,80,50,515
0605,Elgyem,Cerebral Pokémon,Psychic,Nor,0.5 m (1′08″),9.0 kg (19.8 lbs),55,55,55,85,55,30,335
0606,Beheeyem,Cerebral Pokémon,Psychic,Nor,1.0 m (3′03″),34.5 kg (76.1 lbs),75,75,75,125,95,40,485
0607,Litwick,Candle Pokémon,Ghost,Fire,0.3 m (1′00″),3.1 kg (6.8 lbs),50,30,55,65,55,20,275
0608,Lampent,Lamp Pokémon,Ghost,Fire,0.6 m (2′00″),13.0 kg (28.7 lbs),60,40,60,95,60,55,370
0609,Chandelure,Luring Pokémon,Ghost,Fire,1.0 m (3′03″),34.3 kg (75.6 lbs),60,55,90,145,90,80,520
0610,Axew,Tusk Pokémon,Dragon,Nor,0.6 m (2′00″),18.0 kg (39.7 lbs),46,87,60,30,40,57,320
0611,Fraxure,Axe Jaw Pokémon,Dragon,Nor,1.0 m (3′03″),36.0 kg (79.4 lbs),66,117,70,40,50,67,410
0612,Haxorus,Axe Jaw Pokémon,Dragon,Nor,1.8 m (5′11″),105.5 kg (232.6 lbs),76,147,90,60,70,97,540
0613,Cubchoo,Chill Pokémon,Ice,Nor,0.5 m (1′08″),8.5 kg (18.7 lbs),55,70,40,60,40,40,305
0614,Beartic,Freezing Pokémon,Ice,Nor,2.6 m (8′06″),260.0 kg (573.2 lbs),95,130,80,70,80,50,505
0615,Cryogonal,Crystallizing Pokémon,Ice,Nor,1.1 m (3′07″),148.0 kg (326.3 lbs),80,50,50,95,135,105,515
0616,Shelmet,Snail Pokémon,Bug,Nor,0.4 m (1′04″),7.7 kg (17.0 lbs),50,40,85,40,65,25,305
0617,Accelgor,Shell Out Pokémon,Bug,Nor,0.8 m (2′07″),25.3 kg (55.8 lbs),80,70,40,100,60,145,495
0618,Stunfisk,Trap Pokémon,Ground,Electric,0.7 m (2′04″),11.0 kg (24.3 lbs),109,66,84,81,99,32,471
0619,Mienfoo,Martial Arts Pokémon,Fighting,Nor,0.9 m (2′11″),20.0 kg (44.1 lbs),45,85,50,55,50,65,350
0620,Mienshao,Martial Arts Pokémon,Fighting,Nor,1.4 m (4′07″),35.5 kg (78.3 lbs),65,125,60,95,60,105,510
0621,Druddigon,Cave Pokémon,Dragon,Nor,1.6 m (5′03″),139.0 kg (306.4 lbs),77,120,90,60,90,48,485
0622,Golett,Automaton Pokémon,Ground,Ghost,1.0 m (3′03″),92.0 kg (202.8 lbs),59,74,50,35,50,35,303
0623,Golurk,Automaton Pokémon,Ground,Ghost,2.8 m (9′02″),330.0 kg (727.5 lbs),89,124,80,55,80,55,483
0624,Pawniard,Sharp Blade Pokémon,Dark,Steel,0.5 m (1′08″),10.2 kg (22.5 lbs),45,85,70,40,40,60,340
0625,Bisharp,Sword Blade Pokémon,Dark,Steel,1.6 m (5′03″),70.0 kg (154.3 lbs),65,125,100,60,70,70,490
0626,Bouffalant,Bash Buffalo Pokémon,Normal,Nor,1.6 m (5′03″),94.6 kg (208.6 lbs),95,110,95,40,95,55,490
0627,Rufflet,Eaglet Pokémon,Normal,Flying,0.5 m (1′08″),10.5 kg (23.1 lbs),70,83,50,37,50,60,350
0628,Braviary,Valiant Pokémon,Normal,Flying,1.5 m (4′11″),41.0 kg (90.4 lbs),100,123,75,57,75,80,510
0629,Vullaby,Diapered Pokémon,Dark,Flying,0.5 m (1′08″),9.0 kg (19.8 lbs),70,55,75,45,65,60,370
0630,Mandibuzz,Bone Vulture Pokémon,Dark,Flying,1.2 m (3′11″),39.5 kg (87.1 lbs),110,65,105,55,95,80,510
0631,Heatmor,Anteater Pokémon,Fire,Nor,1.4 m (4′07″),58.0 kg (127.9 lbs),85,97,66,105,66,65,484
0632,Durant,Iron Ant Pokémon,Bug,Steel,0.3 m (1′00″),33.0 kg (72.8 lbs),58,109,112,48,48,109,484
0633,Deino,Irate Pokémon,Dark,Dragon,0.8 m (2′07″),17.3 kg (38.1 lbs),52,65,50,45,50,38,300
0634,Zweilous,Hostile Pokémon,Dark,Dragon,1.4 m (4′07″),50.0 kg (110.2 lbs),72,85,70,65,70,58,420
0635,Hydreigon,Brutal Pokémon,Dark,Dragon,1.8 m (5′11″),160.0 kg (352.7 lbs),92,105,90,125,90,98,600
0636,Larvesta,Torch Pokémon,Bug,Fire,1.1 m (3′07″),28.8 kg (63.5 lbs),55,85,55,50,55,60,360
0637,Volcarona,Sun Pokémon,Bug,Fire,1.6 m (5′03″),46.0 kg (101.4 lbs),85,60,65,135,105,100,550
0638,Cobalion,Iron Will Pokémon,Steel,Fighting,2.1 m (6′11″),250.0 kg (551.2 lbs),91,90,129,90,72,108,580
0639,Terrakion,Cavern Pokémon,Rock,Fighting,1.9 m (6′03″),260.0 kg (573.2 lbs),91,129,90,72,90,108,580
0640,Virizion,Grassland Pokémon,Grass,Fighting,2.0 m (6′07″),200.0 kg (440.9 lbs),91,90,72,90,129,108,580
0641,Tornadus,Cyclone Pokémon,Flying,Nor,1.5 m (4′11″),63.0 kg (138.9 lbs),79,115,70,125,80,111,580
0642,Thundurus,Bolt Strike Pokémon,Electric,Flying,1.5 m (4′11″),61.0 kg (134.5 lbs),79,115,70,125,80,111,580
0643,Reshiram,Vast White Pokémon,Dragon,Fire,3.2 m (10′06″),330.0 kg (727.5 lbs),100,120,100,150,120,90,680
0644,Zekrom,Deep Black Pokémon,Dragon,Electric,2.9 m (9′06″),345.0 kg (760.6 lbs),100,150,120,120,100,90,680
0645,Landorus,Abundance Pokémon,Ground,Flying,1.5 m (4′11″),68.0 kg (149.9 lbs),89,125,90,115,80,101,600
0646,Kyurem,Boundary Pokémon,Dragon,Ice,3.0 m (9′10″),325.0 kg (716.5 lbs),125,130,90,130,90,95,660
0647,Keldeo,Colt Pokémon,Water,Fighting,1.4 m (4′07″),48.5 kg (106.9 lbs),91,72,90,129,90,108,580
0648,Meloetta,Melody Pokémon,Normal,Psychic,0.6 m (2′00″),6.5 kg (14.3 lbs),100,77,77,128,128,90,600
0649,Genesect,Paleozoic Pokémon,Bug,Steel,1.5 m (4′11″),82.5 kg (181.9 lbs),71,120,95,120,95,99,600
0650,Chespin,Spiny Nut Pokémon,Grass,Nor,0.4 m (1′04″),9.0 kg (19.8 lbs),56,61,65,48,45,38,313
0651,Quilladin,Spiny Armor Pokémon,Grass,Nor,0.7 m (2′04″),29.0 kg (63.9 lbs),61,78,95,56,58,57,405
0652,Chesnaught,Spiny Armor Pokémon,Grass,Fighting,1.6 m (5′03″),90.0 kg (198.4 lbs),88,107,122,74,75,64,530
0653,Fennekin,Fox Pokémon,Fire,Nor,0.4 m (1′04″),9.4 kg (20.7 lbs),40,45,40,62,60,60,307
0654,Braixen,Fox Pokémon,Fire,Nor,1.0 m (3′03″),14.5 kg (32.0 lbs),59,59,58,90,70,73,409
0655,Delphox,Fox Pokémon,Fire,Psychic,1.5 m (4′11″),39.0 kg (86.0 lbs),75,69,72,114,100,104,534
0656,Froakie,Bubble Frog Pokémon,Water,Nor,0.3 m (1′00″),7.0 kg (15.4 lbs),41,56,40,62,44,71,314
0657,Frogadier,Bubble Frog Pokémon,Water,Nor,0.6 m (2′00″),10.9 kg (24.0 lbs),54,63,52,83,56,97,405
0658,Greninja,Ninja Pokémon,Water,Dark,1.5 m (4′11″),40.0 kg (88.2 lbs),72,95,67,103,71,122,530
0659,Bunnelby,Digging Pokémon,Normal,Nor,0.4 m (1′04″),5.0 kg (11.0 lbs),38,36,38,32,36,57,237
0660,Diggersby,Digging Pokémon,Normal,Ground,1.0 m (3′03″),42.4 kg (93.5 lbs),85,56,77,50,77,78,423
0661,Fletchling,Tiny Robin Pokémon,Normal,Flying,0.3 m (1′00″),1.7 kg (3.7 lbs),45,50,43,40,38,62,278
0662,Fletchinder,Ember Pokémon,Fire,Flying,0.7 m (2′04″),16.0 kg (35.3 lbs),62,73,55,56,52,84,382
0663,Talonflame,Scorching Pokémon,Fire,Flying,1.2 m (3′11″),24.5 kg (54.0 lbs),78,81,71,74,69,126,499
0664,Scatterbug,Scatterdust Pokémon,Bug,Nor,0.3 m (1′00″),2.5 kg (5.5 lbs),38,35,40,27,25,35,200
0665,Spewpa,Scatterdust Pokémon,Bug,Nor,0.3 m (1′00″),8.4 kg (18.5 lbs),45,22,60,27,30,29,213
0666,Vivillon,Scale Pokémon,Bug,Flying,1.2 m (3′11″),17.0 kg (37.5 lbs),80,52,50,90,50,89,411
0667,Litleo,Lion Cub Pokémon,Fire,Normal,0.6 m (2′00″),13.5 kg (29.8 lbs),62,50,58,73,54,72,369
0668,Pyroar,Royal Pokémon,Fire,Normal,1.5 m (4′11″),81.5 kg (179.7 lbs),86,68,72,109,66,106,507
0669,Flabébé,Single Bloom Pokémon,Fairy,Nor,0.1 m (0′04″),0.1 kg (0.2 lbs),44,38,39,61,79,42,303
0670,Floette,Single Bloom Pokémon,Fairy,Nor,0.2 m (0′08″),0.9 kg (2.0 lbs),54,45,47,75,98,52,371
0671,Florges,Garden Pokémon,Fairy,Nor,1.1 m (3′07″),10.0 kg (22.0 lbs),78,65,68,112,154,75,552
0672,Skiddo,Mount Pokémon,Grass,Nor,0.9 m (2′11″),31.0 kg (68.3 lbs),66,65,48,62,57,52,350
0673,Gogoat,Mount Pokémon,Grass,Nor,1.7 m (5′07″),91.0 kg (200.6 lbs),123,100,62,97,81,68,531
0674,Pancham,Playful Pokémon,Fighting,Nor,0.6 m (2′00″),8.0 kg (17.6 lbs),67,82,62,46,48,43,348
0675,Pangoro,Daunting Pokémon,Fighting,Dark,2.1 m (6′11″),136.0 kg (299.8 lbs),95,124,78,69,71,58,495
0676,Furfrou,Poodle Pokémon,Normal,Nor,1.2 m (3′11″),28.0 kg (61.7 lbs),75,80,60,65,90,102,472
0677,Espurr,Restraint Pokémon,Psychic,Nor,0.3 m (1′00″),3.5 kg (7.7 lbs),62,48,54,63,60,68,355
0678,Meowstic,Constraint Pokémon,Psychic,Nor,0.6 m (2′00″),8.5 kg (18.7 lbs),74,48,76,83,81,104,466
0679,Honedge,Sword Pokémon,Steel,Ghost,0.8 m (2′07″),2.0 kg (4.4 lbs),45,80,100,35,37,28,325
0680,Doublade,Sword Pokémon,Steel,Ghost,0.8 m (2′07″),4.5 kg (9.9 lbs),59,110,150,45,49,35,448
0681,Aegislash,Royal Sword Pokémon,Steel,Ghost,1.7 m (5′07″),53.0 kg (116.8 lbs),60,50,140,50,140,60,500
0682,Spritzee,Perfume Pokémon,Fairy,Nor,0.2 m (0′08″),0.5 kg (1.1 lbs),78,52,60,63,65,23,341
0683,Aromatisse,Fragrance Pokémon,Fairy,Nor,0.8 m (2′07″),15.5 kg (34.2 lbs),101,72,72,99,89,29,462
0684,Swirlix,Cotton Candy Pokémon,Fairy,Nor,0.4 m (1′04″),3.5 kg (7.7 lbs),62,48,66,59,57,49,341
0685,Slurpuff,Meringue Pokémon,Fairy,Nor,0.8 m (2′07″),5.0 kg (11.0 lbs),82,80,86,85,75,72,480
0686,Inkay,Revolving Pokémon,Dark,Psychic,0.4 m (1′04″),3.5 kg (7.7 lbs),53,54,53,37,46,45,288
0687,Malamar,Overturning Pokémon,Dark,Psychic,1.5 m (4′11″),47.0 kg (103.6 lbs),86,92,88,68,75,73,482
0688,Binacle,Two-Handed Pokémon,Rock,Water,0.5 m (1′08″),31.0 kg (68.3 lbs),42,52,67,39,56,50,306
0689,Barbaracle,Collective Pokémon,Rock,Water,1.3 m (4′03″),96.0 kg (211.6 lbs),72,105,115,54,86,68,500
0690,Skrelp,Mock Kelp Pokémon,Poison,Water,0.5 m (1′08″),7.3 kg (16.1 lbs),50,60,60,60,60,30,320
0691,Dragalge,Mock Kelp Pokémon,Poison,Dragon,1.8 m (5′11″),81.5 kg (179.7 lbs),65,75,90,97,123,44,494
0692,Clauncher,Water Gun Pokémon,Water,Nor,0.5 m (1′08″),8.3 kg (18.3 lbs),50,53,62,58,63,44,330
0693,Clawitzer,Howitzer Pokémon,Water,Nor,1.3 m (4′03″),35.3 kg (77.8 lbs),71,73,88,120,89,59,500
0694,Helioptile,Generator Pokémon,Electric,Normal,0.5 m (1′08″),6.0 kg (13.2 lbs),44,38,33,61,43,70,289
0695,Heliolisk,Generator Pokémon,Electric,Normal,1.0 m (3′03″),21.0 kg (46.3 lbs),62,55,52,109,94,109,481
0696,Tyrunt,Royal Heir Pokémon,Rock,Dragon,0.8 m (2′07″),26.0 kg (57.3 lbs),58,89,77,45,45,48,362
0697,Tyrantrum,Despot Pokémon,Rock,Dragon,2.5 m (8′02″),270.0 kg (595.2 lbs),82,121,119,69,59,71,521
0698,Amaura,Tundra Pokémon,Rock,Ice,1.3 m (4′03″),25.2 kg (55.6 lbs),77,59,50,67,63,46,362
0699,Aurorus,Tundra Pokémon,Rock,Ice,2.7 m (8′10″),225.0 kg (496.0 lbs),123,77,72,99,92,58,521
0700,Sylveon,Intertwining Pokémon,Fairy,Nor,1.0 m (3′03″),23.5 kg (51.8 lbs),95,65,65,110,130,60,525
0701,Hawlucha,Wrestling Pokémon,Fighting,Flying,0.8 m (2′07″),21.5 kg (47.4 lbs),78,92,75,74,63,118,500
0702,Dedenne,Antenna Pokémon,Electric,Fairy,0.2 m (0′08″),2.2 kg (4.9 lbs),67,58,57,81,67,101,431
0703,Carbink,Jewel Pokémon,Rock,Fairy,0.3 m (1′00″),5.7 kg (12.6 lbs),50,50,150,50,150,50,500
0704,Goomy,Soft Tissue Pokémon,Dragon,Nor,0.3 m (1′00″),2.8 kg (6.2 lbs),45,50,35,55,75,40,300
0705,Sliggoo,Soft Tissue Pokémon,Dragon,Nor,0.8 m (2′07″),17.5 kg (38.6 lbs),68,75,53,83,113,60,452
0706,Goodra,Dragon Pokémon,Dragon,Nor,2.0 m (6′07″),150.5 kg (331.8 lbs),90,100,70,110,150,80,600
0707,Klefki,Key Ring Pokémon,Steel,Fairy,0.2 m (0′08″),3.0 kg (6.6 lbs),57,80,91,80,87,75,470
0708,Phantump,Stump Pokémon,Ghost,Grass,0.4 m (1′04″),7.0 kg (15.4 lbs),43,70,48,50,60,38,309
0709,Trevenant,Elder Tree Pokémon,Ghost,Grass,1.5 m (4′11″),71.0 kg (156.5 lbs),85,110,76,65,82,56,474
0710,Pumpkaboo,Pumpkin Pokémon,Ghost,Grass,0.4 m (1′04″),5.0 kg (11.0 lbs),49,66,70,44,55,51,335
0711,Gourgeist,Pumpkin Pokémon,Ghost,Grass,0.9 m (2′11″),12.5 kg (27.6 lbs),65,90,122,58,75,84,494
0712,Bergmite,Ice Chunk Pokémon,Ice,Nor,1.0 m (3′03″),99.5 kg (219.4 lbs),55,69,85,32,35,28,304
0713,Avalugg,Iceberg Pokémon,Ice,Nor,2.0 m (6′07″),505.0 kg (1113.3 lbs),95,117,184,44,46,28,514
0714,Noibat,Sound Wave Pokémon,Flying,Dragon,0.5 m (1′08″),8.0 kg (17.6 lbs),40,30,35,45,40,55,245
0715,Noivern,Sound Wave Pokémon,Flying,Dragon,1.5 m (4′11″),85.0 kg (187.4 lbs),85,70,80,97,80,123,535
0716,Xerneas,Life Pokémon,Fairy,Nor,3.0 m (9′10″),215.0 kg (474.0 lbs),126,131,95,131,98,99,680
0717,Yveltal,Destruction Pokémon,Dark,Flying,5.8 m (19′00″),203.0 kg (447.5 lbs),126,131,95,131,98,99,680
0718,Zygarde,Order Pokémon,Dragon,Ground,5.0 m (16′05″),305.0 kg (672.4 lbs),108,100,121,81,95,95,600
0719,Diancie,Jewel Pokémon,Rock,Fairy,0.7 m (2′04″),8.8 kg (19.4 lbs),50,100,150,100,150,50,600
0720,Hoopa,Mischief Pokémon,Psychic,Ghost,0.5 m (1′08″),9.0 kg (19.8 lbs),80,110,60,150,130,70,600
0721,Volcanion,Steam Pokémon,Fire,Water,1.7 m (5′07″),195.0 kg (429.9 lbs),80,110,120,130,90,70,600
0722,Rowlet,Grass Quill Pokémon,Grass,Flying,0.3 m (1′00″),1.5 kg (3.3 lbs),68,55,55,50,50,42,320
0723,Dartrix,Blade Quill Pokémon,Grass,Flying,0.7 m (2′04″),16.0 kg (35.3 lbs),78,75,75,70,70,52,420
0724,Decidueye,Arrow Quill Pokémon,Grass,Ghost,1.6 m (5′03″),36.6 kg (80.7 lbs),78,107,75,100,100,70,530
0725,Litten,Fire Cat Pokémon,Fire,Nor,0.4 m (1′04″),4.3 kg (9.5 lbs),45,65,40,60,40,70,320
0726,Torracat,Fire Cat Pokémon,Fire,Nor,0.7 m (2′04″),25.0 kg (55.1 lbs),65,85,50,80,50,90,420
0727,Incineroar,Heel Pokémon,Fire,Dark,1.8 m (5′11″),83.0 kg (183.0 lbs),95,115,90,80,90,60,530
0728,Popplio,Sea Lion Pokémon,Water,Nor,0.4 m (1′04″),7.5 kg (16.5 lbs),50,54,54,66,56,40,320
0729,Brionne,Pop Star Pokémon,Water,Nor,0.6 m (2′00″),17.5 kg (38.6 lbs),60,69,69,91,81,50,420
0730,Primarina,Soloist Pokémon,Water,Fairy,1.8 m (5′11″),44.0 kg (97.0 lbs),80,74,74,126,116,60,530
0731,Pikipek,Woodpecker Pokémon,Normal,Flying,0.3 m (1′00″),1.2 kg (2.6 lbs),35,75,30,30,30,65,265
0732,Trumbeak,Bugle Beak Pokémon,Normal,Flying,0.6 m (2′00″),14.8 kg (32.6 lbs),55,85,50,40,50,75,355
0733,Toucannon,Cannon Pokémon,Normal,Flying,1.1 m (3′07″),26.0 kg (57.3 lbs),80,120,75,75,75,60,485
0734,Yungoos,Loitering Pokémon,Normal,Nor,0.4 m (1′04″),6.0 kg (13.2 lbs),48,70,30,30,30,45,253
0735,Gumshoos,Stakeout Pokémon,Normal,Nor,0.7 m (2′04″),14.2 kg (31.3 lbs),88,110,60,55,60,45,418
0736,Grubbin,Larva Pokémon,Bug,Nor,0.4 m (1′04″),4.4 kg (9.7 lbs),47,62,45,55,45,46,300
0737,Charjabug,Battery Pokémon,Bug,Electric,0.5 m (1′08″),10.5 kg (23.1 lbs),57,82,95,55,75,36,400
0738,Vikavolt,Stag Beetle Pokémon,Bug,Electric,1.5 m (4′11″),45.0 kg (99.2 lbs),77,70,90,145,75,43,500
0739,Crabrawler,Boxing Pokémon,Fighting,Nor,0.6 m (2′00″),7.0 kg (15.4 lbs),47,82,57,42,47,63,338
0740,Crabominable,Woolly Crab Pokémon,Fighting,Ice,1.7 m (5′07″),180.0 kg (396.8 lbs),97,132,77,62,67,43,478
0741,Oricorio,Dancing Pokémon,Fire,Flying,0.6 m (2′00″),3.4 kg (7.5 lbs),75,70,70,98,70,93,476
0742,Cutiefly,Bee Fly Pokémon,Bug,Fairy,0.1 m (0′04″),0.2 kg (0.4 lbs),40,45,40,55,40,84,304
0743,Ribombee,Bee Fly Pokémon,Bug,Fairy,0.2 m (0′08″),0.5 kg (1.1 lbs),60,55,60,95,70,124,464
0744,Rockruff,Puppy Pokémon,Rock,Nor,0.5 m (1′08″),9.2 kg (20.3 lbs),45,65,40,30,40,60,280
0745,Lycanroc,Wolf Pokémon,Rock,Nor,0.8 m (2′07″),25.0 kg (55.1 lbs),75,115,65,55,65,112,487
0746,Wishiwashi,Small Fry Pokémon,Water,Nor,0.2 m (0′08″),0.3 kg (0.7 lbs),45,20,20,25,25,40,175
0747,Mareanie,Brutal Star Pokémon,Poison,Water,0.4 m (1′04″),8.0 kg (17.6 lbs),50,53,62,43,52,45,305
0748,Toxapex,Brutal Star Pokémon,Poison,Water,0.7 m (2′04″),14.5 kg (32.0 lbs),50,63,152,53,142,35,495
0749,Mudbray,Donkey Pokémon,Ground,Nor,1.0 m (3′03″),110.0 kg (242.5 lbs),70,100,70,45,55,45,385
0750,Mudsdale,Draft Horse Pokémon,Ground,Nor,2.5 m (8′02″),920.0 kg (2028.3 lbs),100,125,100,55,85,35,500
0751,Dewpider,Water Bubble Pokémon,Water,Bug,0.3 m (1′00″),4.0 kg (8.8 lbs),38,40,52,40,72,27,269
0752,Araquanid,Water Bubble Pokémon,Water,Bug,1.8 m (5′11″),82.0 kg (180.8 lbs),68,70,92,50,132,42,454
0753,Fomantis,Sickle Grass Pokémon,Grass,Nor,0.3 m (1′00″),1.5 kg (3.3 lbs),40,55,35,50,35,35,250
0754,Lurantis,Bloom Sickle Pokémon,Grass,Nor,0.9 m (2′11″),18.5 kg (40.8 lbs),70,105,90,80,90,45,480
0755,Morelull,Illuminating Pokémon,Grass,Fairy,0.2 m (0′08″),1.5 kg (3.3 lbs),40,35,55,65,75,15,285
0756,Shiinotic,Illuminating Pokémon,Grass,Fairy,1.0 m (3′03″),11.5 kg (25.4 lbs),60,45,80,90,100,30,405
0757,Salandit,Toxic Lizard Pokémon,Poison,Fire,0.6 m (2′00″),4.8 kg (10.6 lbs),48,44,40,71,40,77,320
0758,Salazzle,Toxic Lizard Pokémon,Poison,Fire,1.2 m (3′11″),22.2 kg (48.9 lbs),68,64,60,111,60,117,480
0759,Stufful,Flailing Pokémon,Normal,Fighting,0.5 m (1′08″),6.8 kg (15.0 lbs),70,75,50,45,50,50,340
0760,Bewear,Strong Arm Pokémon,Normal,Fighting,2.1 m (6′11″),135.0 kg (297.6 lbs),120,125,80,55,60,60,500
0761,Bounsweet,Fruit Pokémon,Grass,Nor,0.3 m (1′00″),3.2 kg (7.1 lbs),42,30,38,30,38,32,210
0762,Steenee,Fruit Pokémon,Grass,Nor,0.7 m (2′04″),8.2 kg (18.1 lbs),52,40,48,40,48,62,290
0763,Tsareena,Fruit Pokémon,Grass,Nor,1.2 m (3′11″),21.4 kg (47.2 lbs),72,120,98,50,98,72,510
0764,Comfey,Posy Picker Pokémon,Fairy,Nor,0.1 m (0′04″),0.3 kg (0.7 lbs),51,52,90,82,110,100,485
0765,Oranguru,Sage Pokémon,Normal,Psychic,1.5 m (4′11″),76.0 kg (167.6 lbs),90,60,80,90,110,60,490
0766,Passimian,Teamwork Pokémon,Fighting,Nor,2.0 m (6′07″),82.8 kg (182.5 lbs),100,120,90,40,60,80,490
0767,Wimpod,Turn Tail Pokémon,Bug,Water,0.5 m (1′08″),12.0 kg (26.5 lbs),25,35,40,20,30,80,230
0768,Golisopod,Hard Scale Pokémon,Bug,Water,2.0 m (6′07″),108.0 kg (238.1 lbs),75,125,140,60,90,40,530
0769,Sandygast,Sand Heap Pokémon,Ghost,Ground,0.5 m (1′08″),70.0 kg (154.3 lbs),55,55,80,70,45,15,320
0770,Palossand,Sand Castle Pokémon,Ghost,Ground,1.3 m (4′03″),250.0 kg (551.2 lbs),85,75,110,100,75,35,480
0771,Pyukumuku,Sea Cucumber Pokémon,Water,Nor,0.3 m (1′00″),1.2 kg (2.6 lbs),55,60,130,30,130,5,410
0772,Type: Null,Synthetic Pokémon,Normal,Nor,1.9 m (6′03″),120.5 kg (265.7 lbs),95,95,95,95,95,59,534
0773,Silvally,Synthetic Pokémon,Normal,Nor,2.3 m (7′07″),100.5 kg (221.6 lbs),95,95,95,95,95,95,570
0774,Minior,Meteor Pokémon,Rock,Flying,0.3 m (1′00″),40.0 kg (88.2 lbs),60,60,100,60,100,60,440
0775,Komala,Drowsing Pokémon,Normal,Nor,0.4 m (1′04″),19.9 kg (43.9 lbs),65,115,65,75,95,65,480
0776,Turtonator,Blast Turtle Pokémon,Fire,Dragon,2.0 m (6′07″),212.0 kg (467.4 lbs),60,78,135,91,85,36,485
0777,Togedemaru,Roly-Poly Pokémon,Electric,Steel,0.3 m (1′00″),3.3 kg (7.3 lbs),65,98,63,40,73,96,435
0778,Mimikyu,Disguise Pokémon,Ghost,Fairy,0.2 m (0′08″),0.7 kg (1.5 lbs),55,90,80,50,105,96,476
0779,Bruxish,Gnash Teeth Pokémon,Water,Psychic,0.9 m (2′11″),19.0 kg (41.9 lbs),68,105,70,70,70,92,475
0780,Drampa,Placid Pokémon,Normal,Dragon,3.0 m (9′10″),185.0 kg (407.9 lbs),78,60,85,135,91,36,485
0781,Dhelmise,Sea Creeper Pokémon,Ghost,Grass,3.9 m (12′10″),210.0 kg (463.0 lbs),70,131,100,86,90,40,517
0782,Jangmo-o,Scaly Pokémon,Dragon,Nor,0.6 m (2′00″),29.7 kg (65.5 lbs),45,55,65,45,45,45,300
0783,Hakamo-o,Scaly Pokémon,Dragon,Fighting,1.2 m (3′11″),47.0 kg (103.6 lbs),55,75,90,65,70,65,420
0784,Kommo-o,Scaly Pokémon,Dragon,Fighting,1.6 m (5′03″),78.2 kg (172.4 lbs),75,110,125,100,105,85,600
0785,Tapu Koko,Land Spirit Pokémon,Electric,Fairy,1.8 m (5′11″),20.5 kg (45.2 lbs),70,115,85,95,75,130,570
0786,Tapu Lele,Land Spirit Pokémon,Psychic,Fairy,1.2 m (3′11″),18.6 kg (41.0 lbs),70,85,75,130,115,95,570
0787,Tapu Bulu,Land Spirit Pokémon,Grass,Fairy,1.9 m (6′03″),45.5 kg (100.3 lbs),70,130,115,85,95,75,570
0788,Tapu Fini,Land Spirit Pokémon,Water,Fairy,1.3 m (4′03″),21.2 kg (46.7 lbs),70,75,115,95,130,85,570
0789,Cosmog,Nebula Pokémon,Psychic,Nor,0.2 m (0′08″),0.1 kg (0.2 lbs),43,29,31,29,31,37,200
0790,Cosmoem,Protostar Pokémon,Psychic,Nor,0.1 m (0′04″),999.9 kg (2204.4 lbs),43,29,131,29,131,37,400
0791,Solgaleo,Sunne Pokémon,Psychic,Steel,3.4 m (11′02″),230.0 kg (507.1 lbs),137,137,107,113,89,97,680
0792,Lunala,Moone Pokémon,Psychic,Ghost,4.0 m (13′01″),120.0 kg (264.6 lbs),137,113,89,137,107,97,680
0793,Nihilego,Parasite Pokémon,Rock,Poison,1.2 m (3′11″),55.5 kg (122.4 lbs),109,53,47,127,131,103,570
0794,Buzzwole,Swollen Pokémon,Bug,Fighting,2.4 m (7′10″),333.6 kg (735.5 lbs),107,139,139,53,53,79,570
0795,Pheromosa,Lissome Pokémon,Bug,Fighting,1.8 m (5′11″),25.0 kg (55.1 lbs),71,137,37,137,37,151,570
0796,Xurkitree,Glowing Pokémon,Electric,Nor,3.8 m (12′06″),100.0 kg (220.5 lbs),83,89,71,173,71,83,570
0797,Celesteela,Launch Pokémon,Steel,Flying,9.2 m (30′02″),999.9 kg (2204.4 lbs),97,101,103,107,101,61,570
0798,Kartana,Drawn Sword Pokémon,Grass,Steel,0.3 m (1′00″),0.1 kg (0.2 lbs),59,181,131,59,31,109,570
0799,Guzzlord,Junkivore Pokémon,Dark,Dragon,5.5 m (18′01″),888.0 kg (1957.7 lbs),223,101,53,97,53,43,570
0800,Necrozma,Prism Pokémon,Psychic,Nor,2.4 m (7′10″),230.0 kg (507.1 lbs),97,107,101,127,89,79,600
0801,Magearna,Artificial Pokémon,Steel,Fairy,1.0 m (3′03″),80.5 kg (177.5 lbs),80,95,115,130,115,65,600
0802,Marshadow,Gloomdweller Pokémon,Fighting,Ghost,0.7 m (2′04″),22.2 kg (48.9 lbs),90,125,80,90,90,125,600
0803,Poipole,Poison Pin Pokémon,Poison,Nor,0.6 m (2′00″),1.8 kg (4.0 lbs),67,73,67,73,67,73,420
0804,Naganadel,Poison Pin Pokémon,Poison,Dragon,3.6 m (11′10″),150.0 kg (330.7 lbs),73,73,73,127,73,121,540
0805,Stakataka,Rampart Pokémon,Rock,Steel,5.5 m (18′01″),820.0 kg (1807.8 lbs),61,131,211,53,101,13,570
0806,Blacephalon,Fireworks Pokémon,Fire,Ghost,1.8 m (5′11″),13.0 kg (28.7 lbs),53,127,53,151,79,107,570
0807,Zeraora,Thunderclap Pokémon,Electric,Nor,1.5 m (4′11″),44.5 kg (98.1 lbs),88,112,75,102,80,143,600
0808,Meltan,Hex Nut Pokémon,Steel,Nor,0.2 m (0′08″),8.0 kg (17.6 lbs),46,65,65,55,35,34,300
0809,Melmetal,Hex Nut Pokémon,Steel,Nor,2.5 m (8′02″),800.0 kg (1763.7 lbs),135,143,143,80,65,34,600
0810,Grookey,Chimp Pokémon,Grass,Nor,0.3 m (1′00″),5.0 kg (11.0 lbs),50,65,50,40,40,65,310
0811,Thwackey,Beat Pokémon,Grass,Nor,0.7 m (2′04″),14.0 kg (30.9 lbs),70,85,70,55,60,80,420
0812,Rillaboom,Drummer Pokémon,Grass,Nor,2.1 m (6′11″),90.0 kg (198.4 lbs),100,125,90,60,70,85,530
0813,Scorbunny,Rabbit Pokémon,Fire,Nor,0.3 m (1′00″),4.5 kg (9.9 lbs),50,71,40,40,40,69,310
0814,Raboot,Rabbit Pokémon,Fire,Nor,0.6 m (2′00″),9.0 kg (19.8 lbs),65,86,60,55,60,94,420
0815,Cinderace,Striker Pokémon,Fire,Nor,1.4 m (4′07″),33.0 kg (72.8 lbs),80,116,75,65,75,119,530
0816,Sobble,Water Lizard Pokémon,Water,Nor,0.3 m (1′00″),4.0 kg (8.8 lbs),50,40,40,70,40,70,310
0817,Drizzile,Water lizard Pokémon,Water,Nor,0.7 m (2′04″),11.5 kg (25.4 lbs),65,60,55,95,55,90,420
0818,Inteleon,Secret Agent Pokémon,Water,Nor,1.9 m (6′03″),45.2 kg (99.6 lbs),70,85,65,125,65,120,530
0819,Skwovet,Cheeky Pokémon,Normal,Nor,0.3 m (1′00″),2.5 kg (5.5 lbs),70,55,55,35,35,25,275
0820,Greedent,Greedy Pokémon,Normal,Nor,0.6 m (2′00″),6.0 kg (13.2 lbs),120,95,95,55,75,20,460
0821,Rookidee,Tiny Bird Pokémon,Flying,Nor,0.2 m (0′08″),1.8 kg (4.0 lbs),38,47,35,33,35,57,245
0822,Corvisquire,Raven Pokémon,Flying,Nor,0.8 m (2′07″),16.0 kg (35.3 lbs),68,67,55,43,55,77,365
0823,Corviknight,Raven Pokémon,Flying,Steel,2.2 m (7′03″),75.0 kg (165.3 lbs),98,87,105,53,85,67,495
0824,Blipbug,Larva Pokémon,Bug,Nor,0.4 m (1′04″),8.0 kg (17.6 lbs),25,20,20,25,45,45,180
0825,Dottler,Radome Pokémon,Bug,Psychic,0.4 m (1′04″),19.5 kg (43.0 lbs),50,35,80,50,90,30,335
0826,Orbeetle,Seven Spot Pokémon,Bug,Psychic,0.4 m (1′04″),40.8 kg (89.9 lbs),60,45,110,80,120,90,505
0827,Nickit,Fox Pokémon,Dark,Nor,0.6 m (2′00″),8.9 kg (19.6 lbs),40,28,28,47,52,50,245
0828,Thievul,Fox Pokémon,Dark,Nor,1.2 m (3′11″),19.9 kg (43.9 lbs),70,58,58,87,92,90,455
0829,Gossifleur,Flowering Pokémon,Grass,Nor,0.4 m (1′04″),2.2 kg (4.9 lbs),40,40,60,40,60,10,250
0830,Eldegoss,Cotton Bloom Pokémon,Grass,Nor,0.5 m (1′08″),2.5 kg (5.5 lbs),60,50,90,80,120,60,460
0831,Wooloo,Sheep Pokémon,Normal,Nor,0.6 m (2′00″),6.0 kg (13.2 lbs),42,40,55,40,45,48,270
0832,Dubwool,Sheep Pokémon,Normal,Nor,1.3 m (4′03″),43.0 kg (94.8 lbs),72,80,100,60,90,88,490
0833,Chewtle,Snapping Pokémon,Water,Nor,0.3 m (1′00″),8.5 kg (18.7 lbs),50,64,50,38,38,44,284
0834,Drednaw,Bite Pokémon,Water,Rock,1.0 m (3′03″),115.5 kg (254.6 lbs),90,115,90,48,68,74,485
0835,Yamper,Puppy Pokémon,Electric,Nor,0.3 m (1′00″),13.5 kg (29.8 lbs),59,45,50,40,50,26,270
0836,Boltund,Dog Pokémon,Electric,Nor,1.0 m (3′03″),34.0 kg (75.0 lbs),69,90,60,90,60,121,490
0837,Rolycoly,Coal Pokémon,Rock,Nor,0.3 m (1′00″),12.0 kg (26.5 lbs),30,40,50,40,50,30,240
0838,Carkol,Coal Pokémon,Rock,Fire,1.1 m (3′07″),78.0 kg (172.0 lbs),80,60,90,60,70,50,410
0839,Coalossal,Coal Pokémon,Rock,Fire,2.8 m (9′02″),310.5 kg (684.5 lbs),110,80,120,80,90,30,510
0840,Applin,Apple Core Pokémon,Grass,Dragon,0.2 m (0′08″),0.5 kg (1.1 lbs),40,40,80,40,40,20,260
0841,Flapple,Apple Wing Pokémon,Grass,Dragon,0.3 m (1′00″),1.0 kg (2.2 lbs),70,110,80,95,60,70,485
0842,Appletun,Apple Nectar Pokémon,Grass,Dragon,0.4 m (1′04″),13.0 kg (28.7 lbs),110,85,80,100,80,30,485
0843,Silicobra,Sand Snake Pokémon,Ground,Nor,2.2 m (7′03″),7.6 kg (16.8 lbs),52,57,75,35,50,46,315
0844,Sandaconda,Sand Snake Pokémon,Ground,Nor,3.8 m (12′06″),65.5 kg (144.4 lbs),72,107,125,65,70,71,510
0845,Cramorant,Gulp Pokémon,Flying,Water,0.8 m (2′07″),18.0 kg (39.7 lbs),70,85,55,85,95,85,475
0846,Arrokuda,Rush Pokémon,Water,Nor,0.5 m (1′08″),1.0 kg (2.2 lbs),41,63,40,40,30,66,280
0847,Barraskewda,Skewer Pokémon,Water,Nor,1.3 m (4′03″),30.0 kg (66.1 lbs),61,123,60,60,50,136,490
0848,Toxel,Baby Pokémon,Electric,Poison,0.4 m (1′04″),11.0 kg (24.3 lbs),40,38,35,54,35,40,242
0849,Toxtricity,Punk Pokémon,Electric,Poison,1.6 m (5′03″),40.0 kg (88.2 lbs),75,98,70,114,70,75,502
0850,Sizzlipede,Radiator Pokémon,Fire,Bug,0.7 m (2′04″),1.0 kg (2.2 lbs),50,65,45,50,50,45,305
0851,Centiskorch,Radiator Pokémon,Fire,Bug,3.0 m (9′10″),120.0 kg (264.6 lbs),100,115,65,90,90,65,525
0852,Clobbopus,Tantrum Pokémon,Fighting,Nor,0.6 m (2′00″),4.0 kg (8.8 lbs),50,68,60,50,50,32,310
0853,Grapploct,Tantrum Pokémon,Fighting,Nor,1.6 m (5′03″),39.0 kg (86.0 lbs),80,118,90,70,80,42,480
0854,Sinistea,Black Tea Pokémon,Ghost,Nor,0.1 m (0′04″),0.2 kg (0.4 lbs),40,45,45,74,54,50,308
0855,Polteageist,Black Tea Pokémon,Ghost,Nor,0.2 m (0′08″),0.4 kg (0.9 lbs),60,65,65,134,114,70,508
0856,Hatenna,Calm Pokémon,Psychic,Nor,0.4 m (1′04″),3.4 kg (7.5 lbs),42,30,45,56,53,39,265
0857,Hattrem,Serene Pokémon,Psychic,Nor,0.6 m (2′00″),4.8 kg (10.6 lbs),57,40,65,86,73,49,370
0858,Hatterene,Silent Pokémon,Psychic,Fairy,2.1 m (6′11″),5.1 kg (11.2 lbs),57,90,95,136,103,29,510
0859,Impidimp,Wily Pokémon,Dark,Fairy,0.4 m (1′04″),5.5 kg (12.1 lbs),45,45,30,55,40,50,265
0860,Morgrem,Devious Pokémon,Dark,Fairy,0.8 m (2′07″),12.5 kg (27.6 lbs),65,60,45,75,55,70,370
0861,Grimmsnarl,Bulk Up Pokémon,Dark,Fairy,1.5 m (4′11″),61.0 kg (134.5 lbs),95,120,65,95,75,60,510
0862,Obstagoon,Blocking Pokémon,Dark,Normal,1.6 m (5′03″),46.0 kg (101.4 lbs),93,90,101,60,81,95,520
0863,Perrserker,Viking Pokémon,Steel,Nor,0.8 m (2′07″),28.0 kg (61.7 lbs),70,110,100,50,60,50,440
0864,Cursola,Coral Pokémon,Ghost,Nor,1.0 m (3′03″),0.4 kg (0.9 lbs),60,95,50,145,130,30,510
0865,Sirfetch'd,Wild Duck Pokémon,Fighting,Nor,0.8 m (2′07″),117.0 kg (257.9 lbs),62,135,95,68,82,65,507
0866,Mr. Rime,Comedian Pokémon,Ice,Psychic,1.5 m (4′11″),58.2 kg (128.3 lbs),80,85,75,110,100,70,520
0867,Runerigus,Grudge Pokémon,Ground,Ghost,1.6 m (5′03″),66.6 kg (146.8 lbs),58,95,145,50,105,30,483
0868,Milcery,Cream Pokémon,Fairy,Nor,0.2 m (0′08″),0.3 kg (0.7 lbs),45,40,40,50,61,34,270
0869,Alcremie,Cream Pokémon,Fairy,Nor,0.3 m (1′00″),0.5 kg (1.1 lbs),65,60,75,110,121,64,495
0870,Falinks,Formation Pokémon,Fighting,Nor,3.0 m (9′10″),62.0 kg (136.7 lbs),65,100,100,70,60,75,470
0871,Pincurchin,Sea Urchin Pokémon,Electric,Nor,0.3 m (1′00″),1.0 kg (2.2 lbs),48,101,95,91,85,15,435
0872,Snom,Worm Pokémon,Ice,Bug,0.3 m (1′00″),3.8 kg (8.4 lbs),30,25,35,45,30,20,185
0873,Frosmoth,Frost Moth Pokémon,Ice,Bug,1.3 m (4′03″),42.0 kg (92.6 lbs),70,65,60,125,90,65,475
0874,Stonjourner,Big Rock Pokémon,Rock,Nor,2.5 m (8′02″),520.0 kg (1146.4 lbs),100,125,135,20,20,70,470
0875,Eiscue,Penguin Pokémon,Ice,Nor,1.4 m (4′07″),89.0 kg (196.2 lbs),75,80,110,65,90,50,470
0876,Indeedee,Emotion Pokémon,Psychic,Normal,0.9 m (2′11″),28.0 kg (61.7 lbs),60,65,55,105,95,95,475
0877,Morpeko,Two-Sided Pokémon,Electric,Dark,0.3 m (1′00″),3.0 kg (6.6 lbs),58,95,58,70,58,97,436
0878,Cufant,Copperderm Pokémon,Steel,Nor,1.2 m (3′11″),100.0 kg (220.5 lbs),72,80,49,40,49,40,330
0879,Copperajah,Copperderm Pokémon,Steel,Nor,3.0 m (9′10″),650.0 kg (1433.0 lbs),122,130,69,80,69,30,500
0880,Dracozolt,Fossil Pokémon,Electric,Dragon,1.8 m (5′11″),190.0 kg (418.9 lbs),90,100,90,80,70,75,505
0881,Arctozolt,Fossil Pokémon,Electric,Ice,2.3 m (7′07″),150.0 kg (330.7 lbs),90,100,90,90,80,55,505
0882,Dracovish,Fossil Pokémon,Water,Dragon,2.3 m (7′07″),215.0 kg (474.0 lbs),90,90,100,70,80,75,505
0883,Arctovish,Fossil Pokémon,Water,Ice,2.0 m (6′07″),175.0 kg (385.8 lbs),90,90,100,80,90,55,505
0884,Duraludon,Alloy Pokémon,Steel,Dragon,1.8 m (5′11″),40.0 kg (88.2 lbs),70,95,115,120,50,85,535
0885,Dreepy,Lingering Pokémon,Dragon,Ghost,0.5 m (1′08″),2.0 kg (4.4 lbs),28,60,30,40,30,82,270
0886,Drakloak,Caretaker Pokémon,Dragon,Ghost,1.4 m (4′07″),11.0 kg (24.3 lbs),68,80,50,60,50,102,410
0887,Dragapult,Stealth Pokémon,Dragon,Ghost,3.0 m (9′10″),50.0 kg (110.2 lbs),88,120,75,100,75,142,600
0888,Zacian,Warrior Pokémon,Fairy,Nor,2.8 m (9′02″),110.0 kg (242.5 lbs),92,120,115,80,115,138,660
0889,Zamazenta,Warrior Pokémon,Fighting,Nor,2.9 m (9′06″),210.0 kg (463.0 lbs),92,120,115,80,115,138,660
0890,Eternatus,Gigantic Pokémon,Poison,Dragon,20.0 m (65′07″),950.0 kg (2094.4 lbs),140,85,95,145,95,130,690
0891,Kubfu,Wushu Pokémon,Fighting,Nor,0.6 m (2′00″),12.0 kg (26.5 lbs),60,90,60,53,50,72,385
0892,Urshifu,Wushu Pokémon,Fighting,Dark,1.9 m (6′03″),105.0 kg (231.5 lbs),100,130,100,63,60,97,550
0893,Zarude,Rogue Monkey Pokémon,Dark,Grass,1.8 m (5′11″),70.0 kg (154.3 lbs),105,120,105,70,95,105,600
0894,Regieleki,Electron Pokémon,Electric,Nor,1.2 m (3′11″),145.0 kg (319.7 lbs),80,100,50,100,50,200,580
0895,Regidrago,Dragon Orb Pokémon,Dragon,Nor,2.1 m (6′11″),200.0 kg (440.9 lbs),200,100,50,100,50,80,580
0896,Glastrier,Wild Horse Pokémon,Ice,Nor,2.2 m (7′03″),800.0 kg (1763.7 lbs),100,145,130,65,110,30,580
0897,Spectrier,Swift Horse Pokémon,Ghost,Nor,2.0 m (6′07″),44.5 kg (98.1 lbs),100,65,60,145,80,130,580
0898,Calyrex,King Pokémon,Psychic,Grass,1.1 m (3′07″),7.7 kg (17.0 lbs),100,80,80,80,80,80,500
0899,Wyrdeer,Big Horn Pokémon,Normal,Psychic,1.8 m (5′11″),95.1 kg (209.7 lbs),103,105,72,105,75,65,525
0900,Kleavor,Axe Pokémon,Bug,Rock,1.8 m (5′11″),89.0 kg (196.2 lbs),70,135,95,45,70,85,500
0901,Ursaluna,Peat Pokémon,Ground,Normal,2.4 m (7′10″),290.0 kg (639.3 lbs),130,140,105,45,80,50,550
0902,Basculegion,Big Fish Pokémon,Water,Ghost,3.0 m (9′10″),110.0 kg (242.5 lbs),120,112,65,80,75,78,530
0903,Sneasler,Free Climb Pokémon,Fighting,Poison,1.3 m (4′03″),43.0 kg (94.8 lbs),80,130,60,40,80,120,510
0904,Overqwil,Pin Cluster Pokémon,Dark,Poison,2.5 m (8′02″),60.5 kg (133.4 lbs),85,115,95,65,65,85,510
0905,Enamorus,Love-Hate Pokémon,Fairy,Flying,1.6 m (5′03″),48.0 kg (105.8 lbs),74,115,70,135,80,106,580
0906,Sprigatito,Grass Cat Pokémon,Grass,Nor,0.4 m (1′04″),4.1 kg (9.0 lbs),40,61,54,45,45,65,310
0907,Floragato,Grass Cat Pokémon,Grass,Nor,0.9 m (2′11″),12.2 kg (26.9 lbs),61,80,63,60,63,83,410
0908,Meowscarada,Magician Pokémon,Grass,Dark,1.5 m (4′11″),31.2 kg (68.8 lbs),76,110,70,81,70,123,530
0909,Fuecoco,Fire Croc Pokémon,Fire,Nor,0.4 m (1′04″),9.8 kg (21.6 lbs),67,45,59,63,40,36,310
0910,Crocalor,Fire Croc Pokémon,Fire,Nor,1.0 m (3′03″),30.7 kg (67.7 lbs),81,55,78,90,58,49,411
0911,Skeledirge,Singer Pokémon,Fire,Ghost,1.6 m (5′03″),326.5 kg (719.8 lbs),104,75,100,110,75,66,530
0912,Quaxly,Duckling Pokémon,Water,Nor,0.5 m (1′08″),6.1 kg (13.4 lbs),55,65,45,50,45,50,310
0913,Quaxwell,Practicing Pokémon,Water,Nor,1.2 m (3′11″),21.5 kg (47.4 lbs),70,85,65,65,60,65,410
0914,Quaquaval,Dancer Pokémon,Water,Fighting,1.8 m (5′11″),61.9 kg (136.5 lbs),85,120,80,85,75,85,530
0915,Lechonk,Hog Pokémon,Normal,Nor,0.5 m (1′08″),10.2 kg (22.5 lbs),54,45,40,35,45,35,254
0916,Oinkologne,Hog Pokémon,Normal,Nor,1.0 m (3′03″),120.0 kg (264.6 lbs),110,100,75,59,80,65,489
0917,Tarountula,String Ball Pokémon,Bug,Nor,0.3 m (1′00″),4.0 kg (8.8 lbs),35,41,45,29,40,20,210
0918,Spidops,Trap Pokémon,Bug,Nor,1.0 m (3′03″),16.5 kg (36.4 lbs),60,79,92,52,86,35,404
0919,Nymble,Grasshopper Pokémon,Bug,Nor,0.2 m (0′08″),1.0 kg (2.2 lbs),33,46,40,21,25,45,210
0920,Lokix,Grasshopper Pokémon,Bug,Dark,1.0 m (3′03″),17.5 kg (38.6 lbs),71,102,78,52,55,92,450
0921,Pawmi,Mouse Pokémon,Electric,Nor,0.3 m (1′00″),2.5 kg (5.5 lbs),45,50,20,40,25,60,240
0922,Pawmo,Mouse Pokémon,Electric,Fighting,0.4 m (1′04″),6.5 kg (14.3 lbs),60,75,40,50,40,85,350
0923,Pawmot,Hands-On Pokémon,Electric,Fighting,0.9 m (2′11″),41.0 kg (90.4 lbs),70,115,70,70,60,105,490
0924,Tandemaus,Couple Pokémon,Normal,Nor,0.3 m (1′00″),1.8 kg (4.0 lbs),50,50,45,40,45,75,305
0925,Maushold,Family Pokémon,Normal,Nor,0.3 m (1′00″),2.8 kg (6.2 lbs),74,75,70,65,75,111,470
0926,Fidough,Puppy Pokémon,Fairy,Nor,0.3 m (1′00″),10.9 kg (24.0 lbs),37,55,70,30,55,65,312
0927,Dachsbun,Dog Pokémon,Fairy,Nor,0.5 m (1′08″),14.9 kg (32.8 lbs),57,80,115,50,80,95,477
0928,Smoliv,Olive Pokémon,Grass,Normal,0.3 m (1′00″),6.5 kg (14.3 lbs),41,35,45,58,51,30,260
0929,Dolliv,Olive Pokémon,Grass,Normal,0.6 m (2′00″),11.9 kg (26.2 lbs),52,53,60,78,78,33,354
0930,Arboliva,Olive Pokémon,Grass,Normal,1.4 m (4′07″),48.2 kg (106.3 lbs),78,69,90,125,109,39,510
0931,Squawkabilly,Parrot Pokémon,Normal,Flying,0.6 m (2′00″),2.4 kg (5.3 lbs),82,96,51,45,51,92,417
0932,Nacli,Rock Salt Pokémon,Rock,Nor,0.4 m (1′04″),16.0 kg (35.3 lbs),55,55,75,35,35,25,280
0933,Naclstack,Rock Salt Pokémon,Rock,Nor,0.6 m (2′00″),105.0 kg (231.5 lbs),60,60,100,35,65,35,355
0934,Garganacl,Rock Salt Pokémon,Rock,Nor,2.3 m (7′07″),240.0 kg (529.1 lbs),100,100,130,45,90,35,500
0935,Charcadet,Fire Child Pokémon,Fire,Nor,0.6 m (2′00″),10.5 kg (23.1 lbs),40,50,40,50,40,35,255
0936,Armarouge,Fire Warrior Pokémon,Fire,Psychic,1.5 m (4′11″),85.0 kg (187.4 lbs),85,60,100,125,80,75,525
0937,Ceruledge,Fire Blades Pokémon,Fire,Ghost,1.6 m (5′03″),62.0 kg (136.7 lbs),75,125,80,60,100,85,525
0938,Tadbulb,EleTadpole Pokémon,Electric,Nor,0.3 m (1′00″),0.4 kg (0.9 lbs),61,31,41,59,35,45,272
0939,Bellibolt,EleFrog Pokémon,Electric,Nor,1.2 m (3′11″),113.0 kg (249.1 lbs),109,64,91,103,83,45,495
0940,Wattrel,Storm Petrel Pokémon,Electric,Flying,0.4 m (1′04″),3.6 kg (7.9 lbs),40,40,35,55,40,70,280
0941,Kilowattrel,Frigatebird Pokémon,Electric,Flying,1.4 m (4′07″),38.6 kg (85.1 lbs),70,70,60,105,60,125,490
0942,Maschiff,Rascal Pokémon,Dark,Nor,0.5 m (1′08″),16.0 kg (35.3 lbs),60,78,60,40,51,51,340
0943,Mabosstiff,Boss Pokémon,Dark,Nor,1.1 m (3′07″),61.0 kg (134.5 lbs),80,120,90,60,70,85,505
0944,Shroodle,Toxic Mouse Pokémon,Poison,Normal,0.2 m (0′08″),0.7 kg (1.5 lbs),40,65,35,40,35,75,290
0945,Grafaiai,Toxic Monkey Pokémon,Poison,Normal,0.7 m (2′04″),27.2 kg (60.0 lbs),63,95,65,80,72,110,485
0946,Bramblin,Tumbleweed Pokémon,Grass,Ghost,0.6 m (2′00″),0.6 kg (1.3 lbs),40,65,30,45,35,60,275
0947,Brambleghast,Tumbleweed Pokémon,Grass,Ghost,1.2 m (3′11″),6.0 kg (13.2 lbs),55,115,70,80,70,90,480
0948,Toedscool,Woodear Pokémon,Ground,Grass,0.9 m (2′11″),33.0 kg (72.8 lbs),40,40,35,50,100,70,335
0949,Toedscruel,Woodear Pokémon,Ground,Grass,1.9 m (6′03″),58.0 kg (127.9 lbs),80,70,65,80,120,100,515
0950,Klawf,Ambush Pokémon,Rock,Nor,1.3 m (4′03″),79.0 kg (174.2 lbs),70,100,115,35,55,75,450
0951,Capsakid,Spicy Pepper Pokémon,Grass,Nor,0.3 m (1′00″),3.0 kg (6.6 lbs),50,62,40,62,40,50,304
0952,Scovillain,Spicy Pepper Pokémon,Grass,Fire,0.9 m (2′11″),15.0 kg (33.1 lbs),65,108,65,108,65,75,486
0953,Rellor,Rolling Pokémon,Bug,Nor,0.2 m (0′08″),1.0 kg (2.2 lbs),41,50,60,31,58,30,270
0954,Rabsca,Rolling Pokémon,Bug,Psychic,0.3 m (1′00″),3.5 kg (7.7 lbs),75,50,85,115,100,45,470
0955,Flittle,Frill Pokémon,Psychic,Nor,0.2 m (0′08″),1.5 kg (3.3 lbs),30,35,30,55,30,75,255
0956,Espathra,Ostrich Pokémon,Psychic,Nor,1.9 m (6′03″),90.0 kg (198.4 lbs),95,60,60,101,60,105,481
0957,Tinkatink,Metalsmith Pokémon,Fairy,Steel,0.4 m (1′04″),8.9 kg (19.6 lbs),50,45,45,35,64,58,297
0958,Tinkatuff,Hammer Pokémon,Fairy,Steel,0.7 m (2′04″),59.1 kg (130.3 lbs),65,55,55,45,82,78,380
0959,Tinkaton,Hammer Pokémon,Fairy,Steel,0.7 m (2′04″),112.8 kg (248.7 lbs),85,75,77,70,105,94,506
0960,Wiglett,Garden Eel Pokémon,Water,Nor,1.2 m (3′11″),1.8 kg (4.0 lbs),10,55,25,35,25,95,245
0961,Wugtrio,Garden Eel Pokémon,Water,Nor,1.2 m (3′11″),5.4 kg (11.9 lbs),35,100,50,50,70,120,425
0962,Bombirdier,Item Drop Pokémon,Flying,Dark,1.5 m (4′11″),42.9 kg (94.6 lbs),70,103,85,60,85,82,485
0963,Finizen,Dolphin Pokémon,Water,Nor,1.3 m (4′03″),60.2 kg (132.7 lbs),70,45,40,45,40,75,315
0964,Palafin,Dolphin Pokémon,Water,Nor,1.3 m (4′03″),60.2 kg (132.7 lbs),100,70,72,53,62,100,457
0965,Varoom,Single-Cyl Pokémon,Steel,Poison,1.0 m (3′03″),35.0 kg (77.2 lbs),45,70,63,30,45,47,300
0966,Revavroom,Multi-Cyl Pokémon,Steel,Poison,1.8 m (5′11″),120.0 kg (264.6 lbs),80,119,90,54,67,90,500
0967,Cyclizar,Mount Pokémon,Dragon,Normal,1.6 m (5′03″),63.0 kg (138.9 lbs),70,95,65,85,65,121,501
0968,Orthworm,Earthworm Pokémon,Steel,Nor,2.5 m (8′02″),310.0 kg (683.4 lbs),70,85,145,60,55,65,480
0969,Glimmet,Ore Pokémon,Rock,Poison,0.7 m (2′04″),8.0 kg (17.6 lbs),48,35,42,105,60,60,350
0970,Glimmora,Ore Pokémon,Rock,Poison,1.5 m (4′11″),45.0 kg (99.2 lbs),83,55,90,130,81,86,525
0971,Greavard,Ghost Dog Pokémon,Ghost,Nor,0.6 m (2′00″),35.0 kg (77.2 lbs),50,61,60,30,55,34,290
0972,Houndstone,Ghost Dog Pokémon,Ghost,Nor,2.0 m (6′07″),15.0 kg (33.1 lbs),72,101,100,50,97,68,488
0973,Flamigo,Synchronize Pokémon,Flying,Fighting,1.6 m (5′03″),37.0 kg (81.6 lbs),82,115,74,75,64,90,500
0974,Cetoddle,Terra Whale Pokémon,Ice,Nor,1.2 m (3′11″),45.0 kg (99.2 lbs),108,68,45,30,40,43,334
0975,Cetitan,Terra Whale Pokémon,Ice,Nor,4.5 m (14′09″),700.0 kg (1543.2 lbs),170,113,65,45,55,73,521
0976,Veluza,Jettison Pokémon,Water,Psychic,2.5 m (8′02″),90.0 kg (198.4 lbs),90,102,73,78,65,70,478
0977,Dondozo,Big Catfish Pokémon,Water,Nor,12.0 m (39′04″),220.0 kg (485.0 lbs),150,100,115,65,65,35,530
0978,Tatsugiri,Mimicry Pokémon,Dragon,Water,0.3 m (1′00″),8.0 kg (17.6 lbs),68,50,60,120,95,82,475
0979,Annihilape,Rage Monkey Pokémon,Fighting,Ghost,1.2 m (3′11″),56.0 kg (123.5 lbs),110,115,80,50,90,90,535
0980,Clodsire,Spiny Fish Pokémon,Poison,Ground,1.8 m (5′11″),223.0 kg (491.6 lbs),130,75,60,45,100,20,430
0981,Farigiraf,Long Neck Pokémon,Normal,Psychic,3.2 m (10′06″),160.0 kg (352.7 lbs),120,90,70,110,70,60,520
0982,Dudunsparce,Land Snake Pokémon,Normal,Nor,3.6 m (11′10″),39.2 kg (86.4 lbs),125,100,80,85,75,55,520
0983,Kingambit,Big Blade Pokémon,Dark,Steel,2.0 m (6′07″),120.0 kg (264.6 lbs),100,135,120,60,85,50,550
0984,Great Tusk,Paradox Pokémon,Ground,Fighting,2.2 m (7′03″),320.0 kg (705.5 lbs),115,131,131,53,53,87,570
0985,Scream Tail,Paradox Pokémon,Fairy,Psychic,1.2 m (3′11″),8.0 kg (17.6 lbs),115,65,99,65,115,111,570
0986,Brute Bonnet,Paradox Pokémon,Grass,Dark,1.2 m (3′11″),21.0 kg (46.3 lbs),111,127,99,79,99,55,570
0987,Flutter Mane,Paradox Pokémon,Ghost,Fairy,1.4 m (4′07″),4.0 kg (8.8 lbs),55,55,55,135,135,135,570
0988,Slither Wing,Paradox Pokémon,Bug,Fighting,3.2 m (10′06″),92.0 kg (202.8 lbs),85,135,79,85,105,81,570
0989,Sandy Shocks,Paradox Pokémon,Electric,Ground,2.3 m (7′07″),60.0 kg (132.3 lbs),85,81,97,121,85,101,570
0990,Iron Treads,Paradox Pokémon,Ground,Steel,0.9 m (2′11″),240.0 kg (529.1 lbs),90,112,120,72,70,106,570
0991,Iron Bundle,Paradox Pokémon,Ice,Water,0.6 m (2′00″),11.0 kg (24.3 lbs),56,80,114,124,60,136,570
0992,Iron Hands,Paradox Pokémon,Fighting,Electric,1.8 m (5′11″),380.7 kg (839.3 lbs),154,140,108,50,68,50,570
0993,Iron Jugulis,Paradox Pokémon,Dark,Flying,1.3 m (4′03″),111.0 kg (244.7 lbs),94,80,86,122,80,108,570
0994,Iron Moth,Paradox Pokémon,Fire,Poison,1.2 m (3′11″),36.0 kg (79.4 lbs),80,70,60,140,110,110,570
0995,Iron Thorns,Paradox Pokémon,Rock,Electric,1.6 m (5′03″),303.0 kg (668.0 lbs),100,134,110,70,84,72,570
0996,Frigibax,Ice Fin Pokémon,Dragon,Ice,0.5 m (1′08″),17.0 kg (37.5 lbs),65,75,45,35,45,55,320
0997,Arctibax,Ice Fin Pokémon,Dragon,Ice,0.8 m (2′07″),30.0 kg (66.1 lbs),90,95,66,45,65,62,423
0998,Baxcalibur,Ice Dragon Pokémon,Dragon,Ice,2.1 m (6′11″),210.0 kg (463.0 lbs),115,145,92,75,86,87,600
0999,Gimmighoul,Coin Chest Pokémon,Ghost,Nor,0.3 m (1′00″),5.0 kg (11.0 lbs),45,30,70,75,70,10,300
1000,Gholdengo,Coin Entity Pokémon,Steel,Ghost,1.2 m (3′11″),30.0 kg (66.1 lbs),87,60,95,133,91,84,550
